A,P,sigma,kappa,I_kA,B_T,mark
0.01,0.1,0.18,1.95,300.0,0.7,0
0.01,0.18947,0.18,1.95,300.0,0.7,0
0.01,0.27895,0.18,1.95,300.0,0.7,0
0.01,0.36842,0.18,1.95,300.0,0.7,0
0.01,0.45789,0.18,1.95,300.0,0.7,0
0.01,0.54737,0.18,1.95,300.0,0.7,0
0.01,0.63684,0.18,1.95,300.0,0.7,0
0.01,0.72632,0.18,1.95,300.0,0.7,0
0.01,0.81579,0.18,1.95,300.0,0.7,0
0.01,0.90526,0.18,1.95,300.0,0.7,0
0.01,0.99474,0.18,1.95,300.0,0.7,0
0.01,1.08421,0.18,1.95,300.0,0.7,0
0.01,1.17368,0.18,1.95,300.0,0.7,0
0.01,1.26316,0.18,1.95,300.0,0.7,0
0.01,1.35263,0.18,1.95,300.0,0.7,0
0.01,1.44211,0.18,1.95,300.0,0.7,0
0.01,1.53158,0.18,1.95,300.0,0.7,0
0.01,1.62105,0.18,1.95,300.0,0.7,0
0.01,1.71053,0.18,1.95,300.0,0.7,0
0.01,1.8,0.18,1.95,300.0,0.7,0
0.0157894736842105,0.1,0.18,1.95,300.0,0.7,0
0.0157894736842105,0.18947,0.18,1.95,300.0,0.7,0
0.0157894736842105,0.27895,0.18,1.95,300.0,0.7,0
0.0157894736842105,0.36842,0.18,1.95,300.0,0.7,0
0.0157894736842105,0.45789,0.18,1.95,300.0,0.7,0
0.0157894736842105,0.54737,0.18,1.95,300.0,0.7,0
0.0157894736842105,0.63684,0.18,1.95,300.0,0.7,0
0.0157894736842105,0.72632,0.18,1.95,300.0,0.7,0
0.0157894736842105,0.81579,0.18,1.95,300.0,0.7,0
0.0157894736842105,0.90526,0.18,1.95,300.0,0.7,0
0.0157894736842105,0.99474,0.18,1.95,300.0,0.7,0
0.0157894736842105,1.08421,0.18,1.95,300.0,0.7,0
0.0157894736842105,1.17368,0.18,1.95,300.0,0.7,1
0.0157894736842105,1.26316,0.18,1.95,300.0,0.7,1
0.0157894736842105,1.35263,0.18,1.95,300.0,0.7,1
0.0157894736842105,1.44211,0.18,1.95,300.0,0.7,1
0.0157894736842105,1.53158,0.18,1.95,300.0,0.7,1
0.0157894736842105,1.62105,0.18,1.95,300.0,0.7,1
0.0157894736842105,1.71053,0.18,1.95,300.0,0.7,1
0.0157894736842105,1.8,0.18,1.95,300.0,0.7,1
0.021578947368421,0.1,0.18,1.95,300.0,0.7,0
0.021578947368421,0.18947,0.18,1.95,300.0,0.7,0
0.021578947368421,0.27895,0.18,1.95,300.0,0.7,0
0.021578947368421,0.36842,0.18,1.95,300.0,0.7,0
0.021578947368421,0.45789,0.18,1.95,300.0,0.7,0
0.021578947368421,0.54737,0.18,1.95,300.0,0.7,0
0.021578947368421,0.63684,0.18,1.95,300.0,0.7,0
0.021578947368421,0.72632,0.18,1.95,300.0,0.7,0
0.021578947368421,0.81579,0.18,1.95,300.0,0.7,0
0.021578947368421,0.90526,0.18,1.95,300.0,0.7,0
0.021578947368421,0.99474,0.18,1.95,300.0,0.7,0
0.021578947368421,1.08421,0.18,1.95,300.0,0.7,0
0.021578947368421,1.17368,0.18,1.95,300.0,0.7,0
0.021578947368421,1.26316,0.18,1.95,300.0,0.7,1
0.021578947368421,1.35263,0.18,1.95,300.0,0.7,1
0.021578947368421,1.44211,0.18,1.95,300.0,0.7,1
0.021578947368421,1.53158,0.18,1.95,300.0,0.7,1
0.021578947368421,1.62105,0.18,1.95,300.0,0.7,1
0.021578947368421,1.71053,0.18,1.95,300.0,0.7,1
0.021578947368421,1.8,0.18,1.95,300.0,0.7,1
0.0273684210526315,0.1,0.18,1.95,300.0,0.7,0
0.0273684210526315,0.18947,0.18,1.95,300.0,0.7,0
0.0273684210526315,0.27895,0.18,1.95,300.0,0.7,0
0.0273684210526315,0.36842,0.18,1.95,300.0,0.7,0
0.0273684210526315,0.45789,0.18,1.95,300.0,0.7,0
0.0273684210526315,0.54737,0.18,1.95,300.0,0.7,0
0.0273684210526315,0.63684,0.18,1.95,300.0,0.7,0
0.0273684210526315,0.72632,0.18,1.95,300.0,0.7,0
0.0273684210526315,0.81579,0.18,1.95,300.0,0.7,0
0.0273684210526315,0.90526,0.18,1.95,300.0,0.7,0
0.0273684210526315,0.99474,0.18,1.95,300.0,0.7,0
0.0273684210526315,1.08421,0.18,1.95,300.0,0.7,0
0.0273684210526315,1.17368,0.18,1.95,300.0,0.7,0
0.0273684210526315,1.26316,0.18,1.95,300.0,0.7,1
0.0273684210526315,1.35263,0.18,1.95,300.0,0.7,1
0.0273684210526315,1.44211,0.18,1.95,300.0,0.7,1
0.0273684210526315,1.53158,0.18,1.95,300.0,0.7,1
0.0273684210526315,1.62105,0.18,1.95,300.0,0.7,1
0.0273684210526315,1.71053,0.18,1.95,300.0,0.7,1
0.0273684210526315,1.8,0.18,1.95,300.0,0.7,1
0.0331578947368421,0.1,0.18,1.95,300.0,0.7,0
0.0331578947368421,0.18947,0.18,1.95,300.0,0.7,0
0.0331578947368421,0.27895,0.18,1.95,300.0,0.7,0
0.0331578947368421,0.36842,0.18,1.95,300.0,0.7,0
0.0331578947368421,0.45789,0.18,1.95,300.0,0.7,0
0.0331578947368421,0.54737,0.18,1.95,300.0,0.7,0
0.0331578947368421,0.63684,0.18,1.95,300.0,0.7,0
0.0331578947368421,0.72632,0.18,1.95,300.0,0.7,0
0.0331578947368421,0.81579,0.18,1.95,300.0,0.7,0
0.0331578947368421,0.90526,0.18,1.95,300.0,0.7,0
0.0331578947368421,0.99474,0.18,1.95,300.0,0.7,0
0.0331578947368421,1.08421,0.18,1.95,300.0,0.7,0
0.0331578947368421,1.17368,0.18,1.95,300.0,0.7,0
0.0331578947368421,1.26316,0.18,1.95,300.0,0.7,1
0.0331578947368421,1.35263,0.18,1.95,300.0,0.7,1
0.0331578947368421,1.44211,0.18,1.95,300.0,0.7,1
0.0331578947368421,1.53158,0.18,1.95,300.0,0.7,1
0.0331578947368421,1.62105,0.18,1.95,300.0,0.7,1
0.0331578947368421,1.71053,0.18,1.95,300.0,0.7,1
0.0331578947368421,1.8,0.18,1.95,300.0,0.7,1
0.0389473684210526,0.1,0.18,1.95,300.0,0.7,0
0.0389473684210526,0.18947,0.18,1.95,300.0,0.7,0
0.0389473684210526,0.27895,0.18,1.95,300.0,0.7,0
0.0389473684210526,0.36842,0.18,1.95,300.0,0.7,0
0.0389473684210526,0.45789,0.18,1.95,300.0,0.7,0
0.0389473684210526,0.54737,0.18,1.95,300.0,0.7,0
0.0389473684210526,0.63684,0.18,1.95,300.0,0.7,0
0.0389473684210526,0.72632,0.18,1.95,300.0,0.7,0
0.0389473684210526,0.81579,0.18,1.95,300.0,0.7,0
0.0389473684210526,0.90526,0.18,1.95,300.0,0.7,0
0.0389473684210526,0.99474,0.18,1.95,300.0,0.7,0
0.0389473684210526,1.08421,0.18,1.95,300.0,0.7,0
0.0389473684210526,1.17368,0.18,1.95,300.0,0.7,0
0.0389473684210526,1.26316,0.18,1.95,300.0,0.7,0
0.0389473684210526,1.35263,0.18,1.95,300.0,0.7,1
0.0389473684210526,1.44211,0.18,1.95,300.0,0.7,1
0.0389473684210526,1.53158,0.18,1.95,300.0,0.7,1
0.0389473684210526,1.62105,0.18,1.95,300.0,0.7,1
0.0389473684210526,1.71053,0.18,1.95,300.0,0.7,1
0.0389473684210526,1.8,0.18,1.95,300.0,0.7,1
0.0447368421052631,0.1,0.18,1.95,300.0,0.7,0
0.0447368421052631,0.18947,0.18,1.95,300.0,0.7,0
0.0447368421052631,0.27895,0.18,1.95,300.0,0.7,0
0.0447368421052631,0.36842,0.18,1.95,300.0,0.7,0
0.0447368421052631,0.45789,0.18,1.95,300.0,0.7,0
0.0447368421052631,0.54737,0.18,1.95,300.0,0.7,0
0.0447368421052631,0.63684,0.18,1.95,300.0,0.7,0
0.0447368421052631,0.72632,0.18,1.95,300.0,0.7,0
0.0447368421052631,0.81579,0.18,1.95,300.0,0.7,0
0.0447368421052631,0.90526,0.18,1.95,300.0,0.7,0
0.0447368421052631,0.99474,0.18,1.95,300.0,0.7,0
0.0447368421052631,1.08421,0.18,1.95,300.0,0.7,0
0.0447368421052631,1.17368,0.18,1.95,300.0,0.7,0
0.0447368421052631,1.26316,0.18,1.95,300.0,0.7,0
0.0447368421052631,1.35263,0.18,1.95,300.0,0.7,1
0.0447368421052631,1.44211,0.18,1.95,300.0,0.7,1
0.0447368421052631,1.53158,0.18,1.95,300.0,0.7,1
0.0447368421052631,1.62105,0.18,1.95,300.0,0.7,1
0.0447368421052631,1.71053,0.18,1.95,300.0,0.7,1
0.0447368421052631,1.8,0.18,1.95,300.0,0.7,1
0.0505263157894736,0.1,0.18,1.95,300.0,0.7,0
0.0505263157894736,0.18947,0.18,1.95,300.0,0.7,0
0.0505263157894736,0.27895,0.18,1.95,300.0,0.7,0
0.0505263157894736,0.36842,0.18,1.95,300.0,0.7,0
0.0505263157894736,0.45789,0.18,1.95,300.0,0.7,0
0.0505263157894736,0.54737,0.18,1.95,300.0,0.7,0
0.0505263157894736,0.63684,0.18,1.95,300.0,0.7,0
0.0505263157894736,0.72632,0.18,1.95,300.0,0.7,0
0.0505263157894736,0.81579,0.18,1.95,300.0,0.7,0
0.0505263157894736,0.90526,0.18,1.95,300.0,0.7,0
0.0505263157894736,0.99474,0.18,1.95,300.0,0.7,0
0.0505263157894736,1.08421,0.18,1.95,300.0,0.7,0
0.0505263157894736,1.17368,0.18,1.95,300.0,0.7,0
0.0505263157894736,1.26316,0.18,1.95,300.0,0.7,0
0.0505263157894736,1.35263,0.18,1.95,300.0,0.7,1
0.0505263157894736,1.44211,0.18,1.95,300.0,0.7,1
0.0505263157894736,1.53158,0.18,1.95,300.0,0.7,1
0.0505263157894736,1.62105,0.18,1.95,300.0,0.7,1
0.0505263157894736,1.71053,0.18,1.95,300.0,0.7,1
0.0505263157894736,1.8,0.18,1.95,300.0,0.7,1
0.0563157894736842,0.1,0.18,1.95,300.0,0.7,0
0.0563157894736842,0.18947,0.18,1.95,300.0,0.7,0
0.0563157894736842,0.27895,0.18,1.95,300.0,0.7,0
0.0563157894736842,0.36842,0.18,1.95,300.0,0.7,0
0.0563157894736842,0.45789,0.18,1.95,300.0,0.7,0
0.0563157894736842,0.54737,0.18,1.95,300.0,0.7,0
0.0563157894736842,0.63684,0.18,1.95,300.0,0.7,0
0.0563157894736842,0.72632,0.18,1.95,300.0,0.7,0
0.0563157894736842,0.81579,0.18,1.95,300.0,0.7,0
0.0563157894736842,0.90526,0.18,1.95,300.0,0.7,0
0.0563157894736842,0.99474,0.18,1.95,300.0,0.7,0
0.0563157894736842,1.08421,0.18,1.95,300.0,0.7,0
0.0563157894736842,1.17368,0.18,1.95,300.0,0.7,0
0.0563157894736842,1.26316,0.18,1.95,300.0,0.7,0
0.0563157894736842,1.35263,0.18,1.95,300.0,0.7,0
0.0563157894736842,1.44211,0.18,1.95,300.0,0.7,1
0.0563157894736842,1.53158,0.18,1.95,300.0,0.7,1
0.0563157894736842,1.62105,0.18,1.95,300.0,0.7,1
0.0563157894736842,1.71053,0.18,1.95,300.0,0.7,1
0.0563157894736842,1.8,0.18,1.95,300.0,0.7,1
0.0621052631578947,0.1,0.18,1.95,300.0,0.7,0
0.0621052631578947,0.18947,0.18,1.95,300.0,0.7,0
0.0621052631578947,0.27895,0.18,1.95,300.0,0.7,0
0.0621052631578947,0.36842,0.18,1.95,300.0,0.7,0
0.0621052631578947,0.45789,0.18,1.95,300.0,0.7,0
0.0621052631578947,0.54737,0.18,1.95,300.0,0.7,0
0.0621052631578947,0.63684,0.18,1.95,300.0,0.7,0
0.0621052631578947,0.72632,0.18,1.95,300.0,0.7,0
0.0621052631578947,0.81579,0.18,1.95,300.0,0.7,0
0.0621052631578947,0.90526,0.18,1.95,300.0,0.7,0
0.0621052631578947,0.99474,0.18,1.95,300.0,0.7,0
0.0621052631578947,1.08421,0.18,1.95,300.0,0.7,0
0.0621052631578947,1.17368,0.18,1.95,300.0,0.7,0
0.0621052631578947,1.26316,0.18,1.95,300.0,0.7,0
0.0621052631578947,1.35263,0.18,1.95,300.0,0.7,0
0.0621052631578947,1.44211,0.18,1.95,300.0,0.7,1
0.0621052631578947,1.53158,0.18,1.95,300.0,0.7,1
0.0621052631578947,1.62105,0.18,1.95,300.0,0.7,1
0.0621052631578947,1.71053,0.18,1.95,300.0,0.7,1
0.0621052631578947,1.8,0.18,1.95,300.0,0.7,1
0.0678947368421052,0.1,0.18,1.95,300.0,0.7,0
0.0678947368421052,0.18947,0.18,1.95,300.0,0.7,0
0.0678947368421052,0.27895,0.18,1.95,300.0,0.7,0
0.0678947368421052,0.36842,0.18,1.95,300.0,0.7,0
0.0678947368421052,0.45789,0.18,1.95,300.0,0.7,0
0.0678947368421052,0.54737,0.18,1.95,300.0,0.7,0
0.0678947368421052,0.63684,0.18,1.95,300.0,0.7,0
0.0678947368421052,0.72632,0.18,1.95,300.0,0.7,0
0.0678947368421052,0.81579,0.18,1.95,300.0,0.7,0
0.0678947368421052,0.90526,0.18,1.95,300.0,0.7,0
0.0678947368421052,0.99474,0.18,1.95,300.0,0.7,0
0.0678947368421052,1.08421,0.18,1.95,300.0,0.7,0
0.0678947368421052,1.17368,0.18,1.95,300.0,0.7,0
0.0678947368421052,1.26316,0.18,1.95,300.0,0.7,0
0.0678947368421052,1.35263,0.18,1.95,300.0,0.7,0
0.0678947368421052,1.44211,0.18,1.95,300.0,0.7,1
0.0678947368421052,1.53158,0.18,1.95,300.0,0.7,1
0.0678947368421052,1.62105,0.18,1.95,300.0,0.7,1
0.0678947368421052,1.71053,0.18,1.95,300.0,0.7,1
0.0678947368421052,1.8,0.18,1.95,300.0,0.7,1
0.0736842105263157,0.1,0.18,1.95,300.0,0.7,0
0.0736842105263157,0.18947,0.18,1.95,300.0,0.7,0
0.0736842105263157,0.27895,0.18,1.95,300.0,0.7,0
0.0736842105263157,0.36842,0.18,1.95,300.0,0.7,0
0.0736842105263157,0.45789,0.18,1.95,300.0,0.7,0
0.0736842105263157,0.54737,0.18,1.95,300.0,0.7,0
0.0736842105263157,0.63684,0.18,1.95,300.0,0.7,0
0.0736842105263157,0.72632,0.18,1.95,300.0,0.7,0
0.0736842105263157,0.81579,0.18,1.95,300.0,0.7,0
0.0736842105263157,0.90526,0.18,1.95,300.0,0.7,0
0.0736842105263157,0.99474,0.18,1.95,300.0,0.7,0
0.0736842105263157,1.08421,0.18,1.95,300.0,0.7,0
0.0736842105263157,1.17368,0.18,1.95,300.0,0.7,0
0.0736842105263157,1.26316,0.18,1.95,300.0,0.7,0
0.0736842105263157,1.35263,0.18,1.95,300.0,0.7,0
0.0736842105263157,1.44211,0.18,1.95,300.0,0.7,0
0.0736842105263157,1.53158,0.18,1.95,300.0,0.7,1
0.0736842105263157,1.62105,0.18,1.95,300.0,0.7,1
0.0736842105263157,1.71053,0.18,1.95,300.0,0.7,1
0.0736842105263157,1.8,0.18,1.95,300.0,0.7,1
0.0794736842105263,0.1,0.18,1.95,300.0,0.7,0
0.0794736842105263,0.18947,0.18,1.95,300.0,0.7,0
0.0794736842105263,0.27895,0.18,1.95,300.0,0.7,0
0.0794736842105263,0.36842,0.18,1.95,300.0,0.7,0
0.0794736842105263,0.45789,0.18,1.95,300.0,0.7,0
0.0794736842105263,0.54737,0.18,1.95,300.0,0.7,0
0.0794736842105263,0.63684,0.18,1.95,300.0,0.7,0
0.0794736842105263,0.72632,0.18,1.95,300.0,0.7,0
0.0794736842105263,0.81579,0.18,1.95,300.0,0.7,0
0.0794736842105263,0.90526,0.18,1.95,300.0,0.7,0
0.0794736842105263,0.99474,0.18,1.95,300.0,0.7,0
0.0794736842105263,1.08421,0.18,1.95,300.0,0.7,0
0.0794736842105263,1.17368,0.18,1.95,300.0,0.7,0
0.0794736842105263,1.26316,0.18,1.95,300.0,0.7,0
0.0794736842105263,1.35263,0.18,1.95,300.0,0.7,0
0.0794736842105263,1.44211,0.18,1.95,300.0,0.7,0
0.0794736842105263,1.53158,0.18,1.95,300.0,0.7,1
0.0794736842105263,1.62105,0.18,1.95,300.0,0.7,1
0.0794736842105263,1.71053,0.18,1.95,300.0,0.7,1
0.0794736842105263,1.8,0.18,1.95,300.0,0.7,1
0.0852631578947368,0.1,0.18,1.95,300.0,0.7,0
0.0852631578947368,0.18947,0.18,1.95,300.0,0.7,0
0.0852631578947368,0.27895,0.18,1.95,300.0,0.7,0
0.0852631578947368,0.36842,0.18,1.95,300.0,0.7,0
0.0852631578947368,0.45789,0.18,1.95,300.0,0.7,0
0.0852631578947368,0.54737,0.18,1.95,300.0,0.7,0
0.0852631578947368,0.63684,0.18,1.95,300.0,0.7,0
0.0852631578947368,0.72632,0.18,1.95,300.0,0.7,0
0.0852631578947368,0.81579,0.18,1.95,300.0,0.7,0
0.0852631578947368,0.90526,0.18,1.95,300.0,0.7,0
0.0852631578947368,0.99474,0.18,1.95,300.0,0.7,0
0.0852631578947368,1.08421,0.18,1.95,300.0,0.7,0
0.0852631578947368,1.17368,0.18,1.95,300.0,0.7,0
0.0852631578947368,1.26316,0.18,1.95,300.0,0.7,0
0.0852631578947368,1.35263,0.18,1.95,300.0,0.7,0
0.0852631578947368,1.44211,0.18,1.95,300.0,0.7,0
0.0852631578947368,1.53158,0.18,1.95,300.0,0.7,1
0.0852631578947368,1.62105,0.18,1.95,300.0,0.7,1
0.0852631578947368,1.71053,0.18,1.95,300.0,0.7,1
0.0852631578947368,1.8,0.18,1.95,300.0,0.7,1
0.0910526315789473,0.1,0.18,1.95,300.0,0.7,0
0.0910526315789473,0.18947,0.18,1.95,300.0,0.7,0
0.0910526315789473,0.27895,0.18,1.95,300.0,0.7,0
0.0910526315789473,0.36842,0.18,1.95,300.0,0.7,0
0.0910526315789473,0.45789,0.18,1.95,300.0,0.7,0
0.0910526315789473,0.54737,0.18,1.95,300.0,0.7,0
0.0910526315789473,0.63684,0.18,1.95,300.0,0.7,0
0.0910526315789473,0.72632,0.18,1.95,300.0,0.7,0
0.0910526315789473,0.81579,0.18,1.95,300.0,0.7,0
0.0910526315789473,0.90526,0.18,1.95,300.0,0.7,0
0.0910526315789473,0.99474,0.18,1.95,300.0,0.7,0
0.0910526315789473,1.08421,0.18,1.95,300.0,0.7,0
0.0910526315789473,1.17368,0.18,1.95,300.0,0.7,0
0.0910526315789473,1.26316,0.18,1.95,300.0,0.7,0
0.0910526315789473,1.35263,0.18,1.95,300.0,0.7,0
0.0910526315789473,1.44211,0.18,1.95,300.0,0.7,0
0.0910526315789473,1.53158,0.18,1.95,300.0,0.7,1
0.0910526315789473,1.62105,0.18,1.95,300.0,0.7,1
0.0910526315789473,1.71053,0.18,1.95,300.0,0.7,1
0.0910526315789473,1.8,0.18,1.95,300.0,0.7,1
0.0968421052631579,0.1,0.18,1.95,300.0,0.7,0
0.0968421052631579,0.18947,0.18,1.95,300.0,0.7,0
0.0968421052631579,0.27895,0.18,1.95,300.0,0.7,0
0.0968421052631579,0.36842,0.18,1.95,300.0,0.7,0
0.0968421052631579,0.45789,0.18,1.95,300.0,0.7,0
0.0968421052631579,0.54737,0.18,1.95,300.0,0.7,0
0.0968421052631579,0.63684,0.18,1.95,300.0,0.7,0
0.0968421052631579,0.72632,0.18,1.95,300.0,0.7,0
0.0968421052631579,0.81579,0.18,1.95,300.0,0.7,0
0.0968421052631579,0.90526,0.18,1.95,300.0,0.7,0
0.0968421052631579,0.99474,0.18,1.95,300.0,0.7,0
0.0968421052631579,1.08421,0.18,1.95,300.0,0.7,0
0.0968421052631579,1.17368,0.18,1.95,300.0,0.7,0
0.0968421052631579,1.26316,0.18,1.95,300.0,0.7,0
0.0968421052631579,1.35263,0.18,1.95,300.0,0.7,0
0.0968421052631579,1.44211,0.18,1.95,300.0,0.7,0
0.0968421052631579,1.53158,0.18,1.95,300.0,0.7,0
0.0968421052631579,1.62105,0.18,1.95,300.0,0.7,1
0.0968421052631579,1.71053,0.18,1.95,300.0,0.7,1
0.0968421052631579,1.8,0.18,1.95,300.0,0.7,1
0.1026315789473684,0.1,0.18,1.95,300.0,0.7,0
0.1026315789473684,0.18947,0.18,1.95,300.0,0.7,0
0.1026315789473684,0.27895,0.18,1.95,300.0,0.7,0
0.1026315789473684,0.36842,0.18,1.95,300.0,0.7,0
0.1026315789473684,0.45789,0.18,1.95,300.0,0.7,0
0.1026315789473684,0.54737,0.18,1.95,300.0,0.7,0
0.1026315789473684,0.63684,0.18,1.95,300.0,0.7,0
0.1026315789473684,0.72632,0.18,1.95,300.0,0.7,0
0.1026315789473684,0.81579,0.18,1.95,300.0,0.7,0
0.1026315789473684,0.90526,0.18,1.95,300.0,0.7,0
0.1026315789473684,0.99474,0.18,1.95,300.0,0.7,0
0.1026315789473684,1.08421,0.18,1.95,300.0,0.7,0
0.1026315789473684,1.17368,0.18,1.95,300.0,0.7,0
0.1026315789473684,1.26316,0.18,1.95,300.0,0.7,0
0.1026315789473684,1.35263,0.18,1.95,300.0,0.7,0
0.1026315789473684,1.44211,0.18,1.95,300.0,0.7,0
0.1026315789473684,1.53158,0.18,1.95,300.0,0.7,0
0.1026315789473684,1.62105,0.18,1.95,300.0,0.7,1
0.1026315789473684,1.71053,0.18,1.95,300.0,0.7,1
0.1026315789473684,1.8,0.18,1.95,300.0,0.7,1
0.1084210526315789,0.1,0.18,1.95,300.0,0.7,0
0.1084210526315789,0.18947,0.18,1.95,300.0,0.7,0
0.1084210526315789,0.27895,0.18,1.95,300.0,0.7,0
0.1084210526315789,0.36842,0.18,1.95,300.0,0.7,0
0.1084210526315789,0.45789,0.18,1.95,300.0,0.7,0
0.1084210526315789,0.54737,0.18,1.95,300.0,0.7,0
0.1084210526315789,0.63684,0.18,1.95,300.0,0.7,0
0.1084210526315789,0.72632,0.18,1.95,300.0,0.7,0
0.1084210526315789,0.81579,0.18,1.95,300.0,0.7,0
0.1084210526315789,0.90526,0.18,1.95,300.0,0.7,0
0.1084210526315789,0.99474,0.18,1.95,300.0,0.7,0
0.1084210526315789,1.08421,0.18,1.95,300.0,0.7,0
0.1084210526315789,1.17368,0.18,1.95,300.0,0.7,0
0.1084210526315789,1.26316,0.18,1.95,300.0,0.7,0
0.1084210526315789,1.35263,0.18,1.95,300.0,0.7,0
0.1084210526315789,1.44211,0.18,1.95,300.0,0.7,0
0.1084210526315789,1.53158,0.18,1.95,300.0,0.7,0
0.1084210526315789,1.62105,0.18,1.95,300.0,0.7,1
0.1084210526315789,1.71053,0.18,1.95,300.0,0.7,1
0.1084210526315789,1.8,0.18,1.95,300.0,0.7,1
0.1142105263157894,0.1,0.18,1.95,300.0,0.7,0
0.1142105263157894,0.18947,0.18,1.95,300.0,0.7,0
0.1142105263157894,0.27895,0.18,1.95,300.0,0.7,0
0.1142105263157894,0.36842,0.18,1.95,300.0,0.7,0
0.1142105263157894,0.45789,0.18,1.95,300.0,0.7,0
0.1142105263157894,0.54737,0.18,1.95,300.0,0.7,0
0.1142105263157894,0.63684,0.18,1.95,300.0,0.7,0
0.1142105263157894,0.72632,0.18,1.95,300.0,0.7,0
0.1142105263157894,0.81579,0.18,1.95,300.0,0.7,0
0.1142105263157894,0.90526,0.18,1.95,300.0,0.7,0
0.1142105263157894,0.99474,0.18,1.95,300.0,0.7,0
0.1142105263157894,1.08421,0.18,1.95,300.0,0.7,0
0.1142105263157894,1.17368,0.18,1.95,300.0,0.7,0
0.1142105263157894,1.26316,0.18,1.95,300.0,0.7,0
0.1142105263157894,1.35263,0.18,1.95,300.0,0.7,0
0.1142105263157894,1.44211,0.18,1.95,300.0,0.7,0
0.1142105263157894,1.53158,0.18,1.95,300.0,0.7,0
0.1142105263157894,1.62105,0.18,1.95,300.0,0.7,1
0.1142105263157894,1.71053,0.18,1.95,300.0,0.7,1
0.1142105263157894,1.8,0.18,1.95,300.0,0.7,1
0.12,0.1,0.18,1.95,300.0,0.7,0
0.12,0.18947,0.18,1.95,300.0,0.7,0
0.12,0.27895,0.18,1.95,300.0,0.7,0
0.12,0.36842,0.18,1.95,300.0,0.7,0
0.12,0.45789,0.18,1.95,300.0,0.7,0
0.12,0.54737,0.18,1.95,300.0,0.7,0
0.12,0.63684,0.18,1.95,300.0,0.7,0
0.12,0.72632,0.18,1.95,300.0,0.7,0
0.12,0.81579,0.18,1.95,300.0,0.7,0
0.12,0.90526,0.18,1.95,300.0,0.7,0
0.12,0.99474,0.18,1.95,300.0,0.7,0
0.12,1.08421,0.18,1.95,300.0,0.7,0
0.12,1.17368,0.18,1.95,300.0,0.7,0
0.12,1.26316,0.18,1.95,300.0,0.7,0
0.12,1.35263,0.18,1.95,300.0,0.7,0
0.12,1.44211,0.18,1.95,300.0,0.7,0
0.12,1.53158,0.18,1.95,300.0,0.7,0
0.12,1.62105,0.18,1.95,300.0,0.7,1
0.12,1.71053,0.18,1.95,300.0,0.7,1
0.12,1.8,0.18,1.95,300.0,0.7,1
0.0166113418298784,1.1675678439752053,0.18,1.95,300.0,0.7,1
0.0168652674439446,1.1934168029059364,0.18,1.95,300.0,0.7,1
0.0145720057278734,1.2212422351636756,0.18,1.95,300.0,0.7,1
0.0165728927901815,1.2022864305276957,0.18,1.95,300.0,0.7,1
0.0146738145822371,1.1687185937895568,0.18,1.95,300.0,0.7,1
0.0154018677569082,1.2163564988848603,0.18,1.95,300.0,0.7,1
0.0162210690444525,1.205956161327083,0.18,1.95,300.0,0.7,1
0.0156197162806925,1.1464038721784775,0.18,1.95,300.0,0.7,0
0.015953228045258,1.1300617256104175,0.18,1.95,300.0,0.7,0
0.0167723672001882,1.1868464399122065,0.18,1.95,300.0,0.7,1
0.0165637369044666,1.1591325968129869,0.18,1.95,300.0,0.7,0
0.0172015677573952,1.2129921121322198,0.18,1.95,300.0,0.7,1
0.0166246241754318,1.1431438707851969,0.18,1.95,300.0,0.7,0
0.0156896366953916,1.128060376578723,0.18,1.95,300.0,0.7,0
0.0147523421604131,1.1919848953242456,0.18,1.95,300.0,0.7,1
0.0165237601519339,1.220430973243421,0.18,1.95,300.0,0.7,1
0.0152669497586249,1.160725970603487,0.18,1.95,300.0,0.7,1
0.0156981411180379,1.1426271359084286,0.18,1.95,300.0,0.7,0
0.0146792382002169,1.1712504926225935,0.18,1.95,300.0,0.7,1
0.0149702017313631,1.1906613994682511,0.18,1.95,300.0,0.7,1
0.0156009294408275,1.206947819605784,0.18,1.95,300.0,0.7,1
0.0163902689902172,1.1549166641382045,0.18,1.95,300.0,0.7,0
0.0167862530883961,1.2041564357496803,0.18,1.95,300.0,0.7,1
0.015451908821301,1.1525128103930244,0.18,1.95,300.0,0.7,0
0.0163369601961354,1.137655248360931,0.18,1.95,300.0,0.7,0
0.0206786719758463,1.1244162269751006,0.18,1.95,300.0,0.7,0
0.0224397205009274,1.1901650856592032,0.18,1.95,300.0,0.7,0
0.0221944435043,1.201752903102197,0.18,1.95,300.0,0.7,1
0.021455694695036,1.180554119595289,0.18,1.95,300.0,0.7,0
0.020498338362804,1.1351330073535977,0.18,1.95,300.0,0.7,0
0.0220841562537924,1.1707896206143134,0.18,1.95,300.0,0.7,0
0.0217746556878646,1.2001798857416026,0.18,1.95,300.0,0.7,1
0.0219831023284228,1.1790379400657995,0.18,1.95,300.0,0.7,0
0.0217565688506572,1.154075009806261,0.18,1.95,300.0,0.7,0
0.0201714008721248,1.1673517389232364,0.18,1.95,300.0,0.7,0
0.0207227013868796,1.1645328643724635,0.18,1.95,300.0,0.7,0
0.0226391565882255,1.1470739485865342,0.18,1.95,300.0,0.7,0
0.0202538555934882,1.1518183892021998,0.18,1.95,300.0,0.7,0
0.0209597286417211,1.1898716514726897,0.18,1.95,300.0,0.7,1
0.0217500438254448,1.2020698209106415,0.18,1.95,300.0,0.7,1
0.0220718879894032,1.1643186861440071,0.18,1.95,300.0,0.7,0
0.0225210085224191,1.1403772919907704,0.18,1.95,300.0,0.7,0
0.0201470835878226,1.1326847860775642,0.18,1.95,300.0,0.7,0
0.0222460254202104,1.1698677230251389,0.18,1.95,300.0,0.7,0
0.0205627627055218,1.1737844775103363,0.18,1.95,300.0,0.7,0
0.0205358836765605,1.1933120375077737,0.18,1.95,300.0,0.7,1
0.0214174161951431,1.1617821226096483,0.18,1.95,300.0,0.7,0
0.0209834836358646,1.186708259311889,0.18,1.95,300.0,0.7,0
0.0211643852000812,1.1324449919316102,0.18,1.95,300.0,0.7,0
0.0204329650747825,1.2198697664549516,0.18,1.95,300.0,0.7,1
0.0285941631247544,1.283130713381075,0.18,1.95,300.0,0.7,1
0.0266660309370101,1.3100776377347725,0.18,1.95,300.0,0.7,1
0.0282046737645289,1.2848490189158996,0.18,1.95,300.0,0.7,1
0.0272165055590629,1.240384156184516,0.18,1.95,300.0,0.7,1
0.026157593939092,1.303420239654384,0.18,1.95,300.0,0.7,1
0.0272357499221324,1.233396336479523,0.18,1.95,300.0,0.7,1
0.0267862909250835,1.2710819568941896,0.18,1.95,300.0,0.7,1
0.0263987394014492,1.2988214284092376,0.18,1.95,300.0,0.7,1
0.0281439796421372,1.2851062955950938,0.18,1.95,300.0,0.7,1
0.0271647001719568,1.2758908840702443,0.18,1.95,300.0,0.7,1
0.0276207149593697,1.278144660155482,0.18,1.95,300.0,0.7,1
0.0261217540160512,1.254740740217061,0.18,1.95,300.0,0.7,1
0.0259932635742172,1.262559081924452,0.18,1.95,300.0,0.7,1
0.0268580046896299,1.2276124188866049,0.18,1.95,300.0,0.7,1
0.0261786299557992,1.2719244572177713,0.18,1.95,300.0,0.7,1
0.0263801999582422,1.3056720118376797,0.18,1.95,300.0,0.7,1
0.0276116044717327,1.2478469804534835,0.18,1.95,300.0,0.7,1
0.0276411675270758,1.2154403871029698,0.18,1.95,300.0,0.7,1
0.0287440986923559,1.2613903436942902,0.18,1.95,300.0,0.7,1
0.0282166267343824,1.221432999992244,0.18,1.95,300.0,0.7,1
0.027328396045146,1.2622306994354522,0.18,1.95,300.0,0.7,1
0.0286819004175565,1.2703328052376075,0.18,1.95,300.0,0.7,1
0.0272888892558024,1.2398575663091895,0.18,1.95,300.0,0.7,1
0.0268631280446592,1.2652272402471538,0.18,1.95,300.0,0.7,1
0.0271851554335467,1.2153212079880331,0.18,1.95,300.0,0.7,1
0.0341367705094251,1.3027760771839767,0.18,1.95,300.0,0.7,1
0.0320786420038379,1.268563614353905,0.18,1.95,300.0,0.7,1
0.0319836219602484,1.280384009303981,0.18,1.95,300.0,0.7,1
0.0325015960883591,1.2791022634691902,0.18,1.95,300.0,0.7,1
0.0338388785797027,1.2900247491917658,0.18,1.95,300.0,0.7,1
0.0319811175747098,1.3047611845137608,0.18,1.95,300.0,0.7,1
0.0323485367095267,1.216901255617618,0.18,1.95,300.0,0.7,0
0.0333224521450165,1.2502522283862438,0.18,1.95,300.0,0.7,0
0.0341472639662393,1.2939851472064303,0.18,1.95,300.0,0.7,1
0.0326093114153102,1.3084499395069746,0.18,1.95,300.0,0.7,1
0.0325306482512624,1.2646657129231715,0.18,1.95,300.0,0.7,1
0.0324257900085449,1.3067643570048963,0.18,1.95,300.0,0.7,1
0.0321517181895881,1.217651061939233,0.18,1.95,300.0,0.7,0
0.0329631859168512,1.312397556405584,0.18,1.95,300.0,0.7,1
0.0343329265356068,1.288020801945695,0.18,1.95,300.0,0.7,1
0.0343302722094776,1.3025046639697864,0.18,1.95,300.0,0.7,1
0.0332144698180014,1.2447529051830797,0.18,1.95,300.0,0.7,0
0.033973932033175,1.279326126316776,0.18,1.95,300.0,0.7,1
0.0327788679234632,1.2226066668061517,0.18,1.95,300.0,0.7,0
0.0338982635708891,1.2394060515922865,0.18,1.95,300.0,0.7,0
0.0344683341884434,1.2372570575005686,0.18,1.95,300.0,0.7,0
0.0320261685340765,1.2962712672124908,0.18,1.95,300.0,0.7,1
0.0321177476867155,1.231086830815774,0.18,1.95,300.0,0.7,0
0.0334560431114046,1.3006162040837466,0.18,1.95,300.0,0.7,1
0.0322471987339858,1.2441923672900097,0.18,1.95,300.0,0.7,0
0.0397795829357761,1.310342642606097,0.18,1.95,300.0,0.7,1
0.0389495919796596,1.2275497502551251,0.18,1.95,300.0,0.7,0
0.0374891772841772,1.2361256029998855,0.18,1.95,300.0,0.7,0
0.0378428350744122,1.2809258673612858,0.18,1.95,300.0,0.7,1
0.0378128659349382,1.2637929931620633,0.18,1.95,300.0,0.7,0
0.0395301557279812,1.2712716609220902,0.18,1.95,300.0,0.7,0
0.0380466953760328,1.2935724526182264,0.18,1.95,300.0,0.7,1
0.0395935898099,1.2870584003915542,0.18,1.95,300.0,0.7,1
0.0378405416757245,1.2255353803650346,0.18,1.95,300.0,0.7,0
0.0402300560740721,1.252917819382494,0.18,1.95,300.0,0.7,0
0.0383502144963954,1.2620184045351537,0.18,1.95,300.0,0.7,0
0.0394359610593433,1.3087223257046972,0.18,1.95,300.0,0.7,1
0.0383067071016988,1.3056408429312027,0.18,1.95,300.0,0.7,1
0.0375219468952114,1.2686798042326826,0.18,1.95,300.0,0.7,0
0.0393492937560958,1.2237497403750754,0.18,1.95,300.0,0.7,0
0.0378683872122443,1.2550714319316305,0.18,1.95,300.0,0.7,0
0.0403460641574821,1.2727642553234373,0.18,1.95,300.0,0.7,0
0.0402464380858532,1.2935960915612972,0.18,1.95,300.0,0.7,1
0.0388495132257185,1.2916363449252188,0.18,1.95,300.0,0.7,1
0.0375008787729835,1.2240743996765735,0.18,1.95,300.0,0.7,0
0.0399356542657008,1.292841708832516,0.18,1.95,300.0,0.7,1
0.0381452906469519,1.2662369590599054,0.18,1.95,300.0,0.7,0
0.0392654158831526,1.2999338953776012,0.18,1.95,300.0,0.7,1
0.0392566898930688,1.254417156927368,0.18,1.95,300.0,0.7,0
0.0385699205512741,1.255748208637351,0.18,1.95,300.0,0.7,0
0.045192635182003,1.2999090631752326,0.18,1.95,300.0,0.7,0
0.044598532751492,1.237943956295136,0.18,1.95,300.0,0.7,0
0.0439468291942559,1.2877614280243448,0.18,1.95,300.0,0.7,0
0.0456865483955349,1.2236878079854123,0.18,1.95,300.0,0.7,0
0.0434365186761287,1.2726033663756453,0.18,1.95,300.0,0.7,0
0.0436753618378412,1.295626419045634,0.18,1.95,300.0,0.7,0
0.0441678461270353,1.2275471932971145,0.18,1.95,300.0,0.7,0
0.0459997535227255,1.229713172273528,0.18,1.95,300.0,0.7,0
0.0440910023522769,1.2285213395192058,0.18,1.95,300.0,0.7,0
0.0435833122962592,1.215274801633644,0.18,1.95,300.0,0.7,0
0.0434030283327559,1.2306241470935853,0.18,1.95,300.0,0.7,0
0.0433969879031446,1.2722743816110973,0.18,1.95,300.0,0.7,0
0.0452789856856616,1.2525230456832028,0.18,1.95,300.0,0.7,0
0.0441908153961193,1.2636126237022232,0.18,1.95,300.0,0.7,0
0.0458618569319669,1.2982731626822206,0.18,1.95,300.0,0.7,0
0.0433672672913015,1.2313098409596526,0.18,1.95,300.0,0.7,0
0.0439470767185763,1.2380987575832212,0.18,1.95,300.0,0.7,0
0.0449505400604914,1.2547862425703191,0.18,1.95,300.0,0.7,0
0.0433846044650459,1.2505214138459573,0.18,1.95,300.0,0.7,0
0.044808100951416,1.2233271902903715,0.18,1.95,300.0,0.7,0
0.0457372177666288,1.2183561866465105,0.18,1.95,300.0,0.7,0
0.0460113677123173,1.2230713141579876,0.18,1.95,300.0,0.7,0
0.0457675669600564,1.303425314392762,0.18,1.95,300.0,0.7,0
0.0461755541470229,1.2933625880273594,0.18,1.95,300.0,0.7,0
0.0455752747275771,1.277408327599555,0.18,1.95,300.0,0.7,0
0.051363304853208,1.3160852208413147,0.18,1.95,300.0,0.7,0
0.0506345198973166,1.3540522870190417,0.18,1.95,300.0,0.7,1
0.0515990322218413,1.3489099365593515,0.18,1.95,300.0,0.7,1
0.0501815842777747,1.366586327123711,0.18,1.95,300.0,0.7,1
0.0498257057419762,1.3166068410953955,0.18,1.95,300.0,0.7,0
0.0504599476115449,1.3443189368594886,0.18,1.95,300.0,0.7,1
0.0497240256110603,1.3393811810115128,0.18,1.95,300.0,0.7,1
0.0501254931389524,1.3353795564412545,0.18,1.95,300.0,0.7,1
0.0501647080286544,1.3712043345455944,0.18,1.95,300.0,0.7,1
0.0499169452131875,1.397515792671534,0.18,1.95,300.0,0.7,1
0.0517753598480882,1.3507210428300078,0.18,1.95,300.0,0.7,1
0.0500113994044877,1.3561734789830002,0.18,1.95,300.0,0.7,1
0.0515719972557945,1.3678887340560102,0.18,1.95,300.0,0.7,1
0.0514394912733149,1.355902227606574,0.18,1.95,300.0,0.7,1
0.0509250686772765,1.331445561418246,0.18,1.95,300.0,0.7,0
0.0512309952764045,1.3228704593125715,0.18,1.95,300.0,0.7,0
0.0511107101759291,1.3887019068325894,0.18,1.95,300.0,0.7,1
0.0494226243013783,1.364067974054192,0.18,1.95,300.0,0.7,1
0.0493116030341634,1.3752015628271428,0.18,1.95,300.0,0.7,1
0.0492797954459442,1.3962239822700626,0.18,1.95,300.0,0.7,1
0.0494385395795871,1.398518024590908,0.18,1.95,300.0,0.7,1
0.0514289683177289,1.361998200446635,0.18,1.95,300.0,0.7,1
0.0513741881033623,1.3821414838983086,0.18,1.95,300.0,0.7,1
0.0518643969779256,1.327968335383919,0.18,1.95,300.0,0.7,0
0.0507965434755486,1.31213491975644,0.18,1.95,300.0,0.7,0
0.0566642865737565,1.3197591304092788,0.18,1.95,300.0,0.7,0
0.0565106413081015,1.359873051403385,0.18,1.95,300.0,0.7,0
0.0562137449326278,1.3548931775513122,0.18,1.95,300.0,0.7,0
0.0571075596437039,1.3825544716512066,0.18,1.95,300.0,0.7,1
0.0562922491204105,1.3625893441522612,0.18,1.95,300.0,0.7,1
0.0576094981807545,1.3146033588501125,0.18,1.95,300.0,0.7,0
0.0551671001713845,1.3114009011910768,0.18,1.95,300.0,0.7,0
0.0567893793288057,1.344490830079038,0.18,1.95,300.0,0.7,0
0.0571387537221097,1.3697531413308592,0.18,1.95,300.0,0.7,1
0.0558167027486689,1.3924666547361535,0.18,1.95,300.0,0.7,1
0.0571033859148961,1.3296834940910176,0.18,1.95,300.0,0.7,0
0.0559083655270003,1.3340739980204264,0.18,1.95,300.0,0.7,0
0.0552886244195592,1.3174083372542191,0.18,1.95,300.0,0.7,0
0.0576241718638114,1.3464204037198753,0.18,1.95,300.0,0.7,0
0.0559657489420164,1.3755985708677378,0.18,1.95,300.0,0.7,1
0.0564747686694429,1.3962439986838462,0.18,1.95,300.0,0.7,1
0.0571566939554123,1.350566956412454,0.18,1.95,300.0,0.7,0
0.0559448678941266,1.4012931544924323,0.18,1.95,300.0,0.7,1
0.0569690701816951,1.3977494660003842,0.18,1.95,300.0,0.7,1
0.0551712252053353,1.3876833679190783,0.18,1.95,300.0,0.7,1
0.0567270111256578,1.3148221678335112,0.18,1.95,300.0,0.7,0
0.0565805634735918,1.3712396365105448,0.18,1.95,300.0,0.7,1
0.05485269753135,1.3480617961841743,0.18,1.95,300.0,0.7,0
0.0572919880072731,1.332165902534409,0.18,1.95,300.0,0.7,0
0.0561914337190798,1.3468614127067893,0.18,1.95,300.0,0.7,0
0.0615110453322222,1.4392141895515551,0.18,1.95,300.0,0.7,1
0.0629491452641893,1.358428841099611,0.18,1.95,300.0,0.7,0
0.0635963671314074,1.4352900024307744,0.18,1.95,300.0,0.7,1
0.0614569884714868,1.431059657966094,0.18,1.95,300.0,0.7,1
0.0609245217535088,1.4472804730474238,0.18,1.95,300.0,0.7,1
0.0626023173662143,1.4123825015558795,0.18,1.95,300.0,0.7,1
0.0608765853388471,1.4370733398896625,0.18,1.95,300.0,0.7,1
0.0606922616675081,1.3714528058041149,0.18,1.95,300.0,0.7,0
0.0610343287833946,1.425046794069222,0.18,1.95,300.0,0.7,1
0.0611998758395334,1.4384338227130886,0.18,1.95,300.0,0.7,1
0.0625740702758772,1.3509862710494696,0.18,1.95,300.0,0.7,0
0.0606215526602808,1.35253579170144,0.18,1.95,300.0,0.7,0
0.0624230386908379,1.4275181810859414,0.18,1.95,300.0,0.7,1
0.0613209216197769,1.4323108842923074,0.18,1.95,300.0,0.7,1
0.0607769589783545,1.4274663853641676,0.18,1.95,300.0,0.7,1
0.0633886494484115,1.424580839910438,0.18,1.95,300.0,0.7,1
0.0626996255098306,1.4311680218655385,0.18,1.95,300.0,0.7,1
0.0607257170565359,1.3675482110719055,0.18,1.95,300.0,0.7,0
0.0609800341958116,1.3978230990192986,0.18,1.95,300.0,0.7,1
0.0628408275428812,1.41037118445764,0.18,1.95,300.0,0.7,1
0.0631586564571805,1.3628912992441091,0.18,1.95,300.0,0.7,0
0.0628091264337002,1.3666741490868903,0.18,1.95,300.0,0.7,0
0.0614175394118481,1.4183604697281305,0.18,1.95,300.0,0.7,1
0.0635458775125907,1.408524360597707,0.18,1.95,300.0,0.7,1
0.0607687641028686,1.4090008969927532,0.18,1.95,300.0,0.7,1
0.0665217884968457,1.4805245711366817,0.18,1.95,300.0,0.7,1
0.0685234716974071,1.4094227846422502,0.18,1.95,300.0,0.7,0
0.0666698998595778,1.410463322888032,0.18,1.95,300.0,0.7,0
0.0693348183807678,1.437966064245849,0.18,1.95,300.0,0.7,1
0.0687469796871294,1.4557508342107777,0.18,1.95,300.0,0.7,1
0.0681119762919811,1.406623025466505,0.18,1.95,300.0,0.7,0
0.0692328102027795,1.4222442632514718,0.18,1.95,300.0,0.7,0
0.0681287884895278,1.462087594458907,0.18,1.95,300.0,0.7,1
0.0683424363078411,1.4861694409695518,0.18,1.95,300.0,0.7,1
0.0668400538118654,1.4429452738446942,0.18,1.95,300.0,0.7,1
0.0676068400143275,1.4395268729482618,0.18,1.95,300.0,0.7,1
0.0667523894206984,1.4055194609872763,0.18,1.95,300.0,0.7,0
0.067228963479449,1.4225804603760832,0.18,1.95,300.0,0.7,1
0.0676784464831493,1.4532087547036627,0.18,1.95,300.0,0.7,1
0.06829862419436,1.4332910896585571,0.18,1.95,300.0,0.7,1
0.0676210861703913,1.4138728526696962,0.18,1.95,300.0,0.7,0
0.0681596555873322,1.423814091131724,0.18,1.95,300.0,0.7,1
0.0665029163449373,1.433950004415686,0.18,1.95,300.0,0.7,1
0.0678171348673757,1.4146692868204211,0.18,1.95,300.0,0.7,0
0.0681121106414716,1.448687190043192,0.18,1.95,300.0,0.7,1
0.0685007433854363,1.456904848220121,0.18,1.95,300.0,0.7,1
0.0683520360116683,1.4237314151824043,0.18,1.95,300.0,0.7,1
0.0687570335080631,1.447024438359968,0.18,1.95,300.0,0.7,1
0.0676889914276449,1.4547112480941058,0.18,1.95,300.0,0.7,1
0.067476708845456,1.443383924460676,0.18,1.95,300.0,0.7,1
0.0743943275917624,1.480750288672371,0.18,1.95,300.0,0.7,1
0.0749473821182013,1.44247329251831,0.18,1.95,300.0,0.7,0
0.0737450358705374,1.4720970410763836,0.18,1.95,300.0,0.7,1
0.0731275626015483,1.475848236234507,0.18,1.95,300.0,0.7,1
0.073666635465868,1.4036956724335268,0.18,1.95,300.0,0.7,0
0.0724003879675346,1.4763093211039464,0.18,1.95,300.0,0.7,1
0.0723509142770364,1.4201711436133655,0.18,1.95,300.0,0.7,0
0.0731866006478204,1.4094094445191594,0.18,1.95,300.0,0.7,0
0.0731258906357217,1.4663792566725085,0.18,1.95,300.0,0.7,1
0.072228259056996,1.4748273424520686,0.18,1.95,300.0,0.7,1
0.0747538545970394,1.4293361573191548,0.18,1.95,300.0,0.7,0
0.0726450492234976,1.4521940407945082,0.18,1.95,300.0,0.7,1
0.0725432281939104,1.4286019361078253,0.18,1.95,300.0,0.7,0
0.0750594980690187,1.4916564472583638,0.18,1.95,300.0,0.7,1
0.0745005252003795,1.4232061509920766,0.18,1.95,300.0,0.7,0
0.074247205673814,1.462650636548401,0.18,1.95,300.0,0.7,1
0.0733477356118067,1.456198863458616,0.18,1.95,300.0,0.7,1
0.0722163934612428,1.4130157658602245,0.18,1.95,300.0,0.7,0
0.0737594754352175,1.4084851304258297,0.18,1.95,300.0,0.7,0
0.0726819311299453,1.4757404290550238,0.18,1.95,300.0,0.7,1
0.0751516095343666,1.4477069428028448,0.18,1.95,300.0,0.7,0
0.0747014197189609,1.4911421664326272,0.18,1.95,300.0,0.7,1
0.0726089981920221,1.4369345613254352,0.18,1.95,300.0,0.7,0
0.0733619286738415,1.4001149283646186,0.18,1.95,300.0,0.7,0
0.0744502010447,1.4354879027322591,0.18,1.95,300.0,0.7,0
0.0793816650130975,1.407177297381324,0.18,1.95,300.0,0.7,0
0.0785164641672189,1.4828203622156215,0.18,1.95,300.0,0.7,1
0.0781076314774491,1.4153952284943707,0.18,1.95,300.0,0.7,0
0.0788498622014699,1.4411297542401589,0.18,1.95,300.0,0.7,0
0.0797330197295707,1.4414389975850668,0.18,1.95,300.0,0.7,0
0.0782260302141969,1.4164767454055711,0.18,1.95,300.0,0.7,0
0.0805044493648139,1.455868870047846,0.18,1.95,300.0,0.7,0
0.0799211313609291,1.4591303255351356,0.18,1.95,300.0,0.7,0
0.0802623932676449,1.3979208481721448,0.18,1.95,300.0,0.7,0
0.0790735093653241,1.446062743526168,0.18,1.95,300.0,0.7,0
0.0789890536604182,1.4765578873287186,0.18,1.95,300.0,0.7,1
0.0794214017362882,1.4689727589459378,0.18,1.95,300.0,0.7,1
0.0805297307611698,1.44258914829035,0.18,1.95,300.0,0.7,0
0.0807023409421403,1.4508223940536982,0.18,1.95,300.0,0.7,0
0.0805245071070275,1.4261690795591524,0.18,1.95,300.0,0.7,0
0.0794701350861207,1.445251104100458,0.18,1.95,300.0,0.7,0
0.0782886233582145,1.431965250670154,0.18,1.95,300.0,0.7,0
0.0807256972281813,1.4551932240364742,0.18,1.95,300.0,0.7,0
0.0785062039578372,1.4259955635609605,0.18,1.95,300.0,0.7,0
0.0785484932395144,1.3945923131798572,0.18,1.95,300.0,0.7,0
0.0807560655860384,1.436930732825687,0.18,1.95,300.0,0.7,0
0.0788962894277886,1.4519577191557738,0.18,1.95,300.0,0.7,0
0.0779956275794053,1.4199122106600814,0.18,1.95,300.0,0.7,0
0.080082784607623,1.4554869773069263,0.18,1.95,300.0,0.7,0
0.0809191020531539,1.4541457709658043,0.18,1.95,300.0,0.7,0
0.08519567551562,1.5129882563184007,0.18,1.95,300.0,0.7,1
0.086473141510629,1.5089145946718352,0.18,1.95,300.0,0.7,1
0.0866527915653849,1.5150455170738175,0.18,1.95,300.0,0.7,1
0.0863635622095226,1.4482554071183638,0.18,1.95,300.0,0.7,0
0.0859603984037182,1.480853869952737,0.18,1.95,300.0,0.7,0
0.0854224693019706,1.5022552409482357,0.18,1.95,300.0,0.7,1
0.0866726032448535,1.5353028081431623,0.18,1.95,300.0,0.7,1
0.0846278426312005,1.5102203497437916,0.18,1.95,300.0,0.7,1
0.0860131085085426,1.471494286131305,0.18,1.95,300.0,0.7,0
0.0841347672193295,1.440939696028572,0.18,1.95,300.0,0.7,0
0.0860951872773243,1.4858149741816906,0.18,1.95,300.0,0.7,0
0.0867197784032216,1.4833423456193653,0.18,1.95,300.0,0.7,0
0.0866969088319583,1.478002600219406,0.18,1.95,300.0,0.7,0
0.0861442043464167,1.4453269272311833,0.18,1.95,300.0,0.7,0
0.0854295430251501,1.5170509786985724,0.18,1.95,300.0,0.7,1
0.0865372628963965,1.5191033090617432,0.18,1.95,300.0,0.7,1
0.0838740700763403,1.4741152341306734,0.18,1.95,300.0,0.7,0
0.0839092533116784,1.4477732291114558,0.18,1.95,300.0,0.7,0
0.0857890747807393,1.5081708196311698,0.18,1.95,300.0,0.7,1
0.0860843199429917,1.5233906548055662,0.18,1.95,300.0,0.7,1
0.0859814523001663,1.5169321592106633,0.18,1.95,300.0,0.7,1
0.0839100490242066,1.46029851504413,0.18,1.95,300.0,0.7,0
0.0856288512148625,1.5226575304624823,0.18,1.95,300.0,0.7,1
0.0837766582695558,1.488307934211635,0.18,1.95,300.0,0.7,1
0.08579502009283,1.4398057289128614,0.18,1.95,300.0,0.7,0
0.0907566982516075,1.5711434881383697,0.18,1.95,300.0,0.7,1
0.0915674700055149,1.5053458363360597,0.18,1.95,300.0,0.7,0
0.0921109749678431,1.5163831423409513,0.18,1.95,300.0,0.7,0
0.0921126655923795,1.5114743651118905,0.18,1.95,300.0,0.7,0
0.0913235923315968,1.5212740067747834,0.18,1.95,300.0,0.7,1
0.0903771067312125,1.570235756217187,0.18,1.95,300.0,0.7,1
0.0901154126247658,1.4900611591235762,0.18,1.95,300.0,0.7,0
0.0905784123945843,1.5533439147641568,0.18,1.95,300.0,0.7,1
0.0919749263968762,1.5814543370066765,0.18,1.95,300.0,0.7,1
0.0904417177499808,1.5223741951131282,0.18,1.95,300.0,0.7,1
0.0899630954130362,1.5390671929623032,0.18,1.95,300.0,0.7,1
0.0925453716907361,1.551668101012066,0.18,1.95,300.0,0.7,1
0.0913382701001874,1.5208169092921793,0.18,1.95,300.0,0.7,1
0.092298527859804,1.531271659613035,0.18,1.95,300.0,0.7,1
0.0899557323188865,1.5181178463199132,0.18,1.95,300.0,0.7,1
0.0897541315854906,1.501777903768878,0.18,1.95,300.0,0.7,0
0.0896056379219471,1.5269079916500163,0.18,1.95,300.0,0.7,1
0.0914562523738027,1.5159092462378907,0.18,1.95,300.0,0.7,0
0.0908137768934632,1.5775009272844576,0.18,1.95,300.0,0.7,1
0.0918085209436721,1.535665663694495,0.18,1.95,300.0,0.7,1
0.0904062542042828,1.5712796798772994,0.18,1.95,300.0,0.7,1
0.0902579229295893,1.5141142730516677,0.18,1.95,300.0,0.7,1
0.0922798260222162,1.5345342055285072,0.18,1.95,300.0,0.7,1
0.0917795854272013,1.5406544794163766,0.18,1.95,300.0,0.7,1
0.0915129492059758,1.5115183291514824,0.18,1.95,300.0,0.7,0
0.0960662214480378,1.5138292347168665,0.18,1.95,300.0,0.7,0
0.0958084299554081,1.5690114365290806,0.18,1.95,300.0,0.7,1
0.0961918460629082,1.5377289394414384,0.18,1.95,300.0,0.7,1
0.097718028538582,1.5599624109375714,0.18,1.95,300.0,0.7,1
0.0966572640389104,1.5292057308586724,0.18,1.95,300.0,0.7,0
0.0983262105099629,1.5490397476979023,0.18,1.95,300.0,0.7,1
0.0977860205925115,1.5718353969219232,0.18,1.95,300.0,0.7,1
0.0977048747718459,1.5000979344953569,0.18,1.95,300.0,0.7,0
0.0970286174643706,1.4917694157314545,0.18,1.95,300.0,0.7,0
0.0973008716428499,1.577114942818781,0.18,1.95,300.0,0.7,1
0.0968803014560582,1.5248772492867766,0.18,1.95,300.0,0.7,0
0.0954496335174123,1.577557452232922,0.18,1.95,300.0,0.7,1
0.0956511133155483,1.485687909330485,0.18,1.95,300.0,0.7,0
0.0960803050976727,1.4881330433918385,0.18,1.95,300.0,0.7,0
0.0967074587903931,1.5331887801257111,0.18,1.95,300.0,0.7,0
0.0962798151102436,1.4866760482574886,0.18,1.95,300.0,0.7,0
0.0956769063679055,1.5200304377989928,0.18,1.95,300.0,0.7,0
0.0955236906156375,1.5513989725609914,0.18,1.95,300.0,0.7,1
0.0959631668877323,1.5117871568783638,0.18,1.95,300.0,0.7,0
0.0965244825946921,1.5232409633069148,0.18,1.95,300.0,0.7,0
0.0953470873861822,1.4927870370998697,0.18,1.95,300.0,0.7,0
0.0979303989543805,1.4817033062511908,0.18,1.95,300.0,0.7,0
0.0968666073305965,1.5305302006507209,0.18,1.95,300.0,0.7,0
0.0963413877461898,1.524712702014645,0.18,1.95,300.0,0.7,0
0.0976838486757376,1.5657003706214956,0.18,1.95,300.0,0.7,1
0.1019126245776141,1.513829044096773,0.18,1.95,300.0,0.7,0
0.1018590275064534,1.5295663400551065,0.18,1.95,300.0,0.7,0
0.1031813540203448,1.504405287546342,0.18,1.95,300.0,0.7,0
0.102123786173533,1.574618461758915,0.18,1.95,300.0,0.7,1
0.1012772868169093,1.5276569605239565,0.18,1.95,300.0,0.7,0
0.1032662530721587,1.4966254011557474,0.18,1.95,300.0,0.7,0
0.1012737010073848,1.495400537163853,0.18,1.95,300.0,0.7,0
0.1038880485279604,1.4825059781821124,0.18,1.95,300.0,0.7,0
0.1016965448718024,1.4847083512901644,0.18,1.95,300.0,0.7,0
0.101463467350055,1.5435949286628297,0.18,1.95,300.0,0.7,0
0.1018564956735856,1.5385012050430675,0.18,1.95,300.0,0.7,0
0.1029021650956668,1.5665235333089778,0.18,1.95,300.0,0.7,1
0.101145803126104,1.5669169459342367,0.18,1.95,300.0,0.7,1
0.1029889362066493,1.4978543486104956,0.18,1.95,300.0,0.7,0
0.1034503911117742,1.5671291541790584,0.18,1.95,300.0,0.7,1
0.1018943693986308,1.573459368090268,0.18,1.95,300.0,0.7,1
0.1024949512382644,1.541922445433332,0.18,1.95,300.0,0.7,0
0.1040855275482213,1.51773360786392,0.18,1.95,300.0,0.7,0
0.1035710569848287,1.513419911782846,0.18,1.95,300.0,0.7,0
0.1035292195140929,1.5416533918862645,0.18,1.95,300.0,0.7,0
0.1017806460330446,1.5229826093789236,0.18,1.95,300.0,0.7,0
0.1020844858504591,1.4893908393080364,0.18,1.95,300.0,0.7,0
0.1012210832576675,1.516227865540718,0.18,1.95,300.0,0.7,0
0.1011886813908208,1.4981287757581774,0.18,1.95,300.0,0.7,0
0.103307128909921,1.552389123568359,0.18,1.95,300.0,0.7,0
0.109136793790951,1.558030317112998,0.18,1.95,300.0,0.7,0
0.109591111002932,1.585698054802845,0.18,1.95,300.0,0.7,1
0.1072991316568188,1.5406868661455535,0.18,1.95,300.0,0.7,0
0.109000338912368,1.543609393644208,0.18,1.95,300.0,0.7,0
0.108442930736325,1.6254924475928711,0.18,1.95,300.0,0.7,1
0.1069330754457789,1.527972980189756,0.18,1.95,300.0,0.7,0
0.1099003063773704,1.5847788834134169,0.18,1.95,300.0,0.7,1
0.1073017825581344,1.6160452199754094,0.18,1.95,300.0,0.7,1
0.109562193531962,1.5799350413111375,0.18,1.95,300.0,0.7,1
0.1087864287211612,1.5536337191500875,0.18,1.95,300.0,0.7,0
0.1070726117206949,1.585771760889087,0.18,1.95,300.0,0.7,1
0.1078053182111872,1.5926771046660353,0.18,1.95,300.0,0.7,1
0.1094297881621067,1.5281310543914366,0.18,1.95,300.0,0.7,0
0.1087081939556361,1.5494430539686854,0.18,1.95,300.0,0.7,0
0.1095427181252903,1.551681450656183,0.18,1.95,300.0,0.7,0
0.1087533630312852,1.5816690840089611,0.18,1.95,300.0,0.7,1
0.1081095521317566,1.5940770763599796,0.18,1.95,300.0,0.7,1
0.1090983615357252,1.5830087795319387,0.18,1.95,300.0,0.7,1
0.1091963193431332,1.624656707599294,0.18,1.95,300.0,0.7,1
0.1081788697952813,1.5777733051885532,0.18,1.95,300.0,0.7,1
0.1069584622654025,1.605917855631038,0.18,1.95,300.0,0.7,1
0.1084817428327169,1.5671111430360567,0.18,1.95,300.0,0.7,0
0.1072032685208471,1.61528064216754,0.18,1.95,300.0,0.7,1
0.1081060743517006,1.594573159820922,0.18,1.95,300.0,0.7,1
0.1073691751006834,1.6224699629541033,0.18,1.95,300.0,0.7,1
0.1132458516012549,1.591004199289949,0.18,1.95,300.0,0.7,1
0.1152874748974626,1.6623082744141933,0.18,1.95,300.0,0.7,1
0.1133469685383593,1.6180300888174828,0.18,1.95,300.0,0.7,1
0.1149110110294779,1.6588865733810805,0.18,1.95,300.0,0.7,1
0.1138476844009013,1.622751948684943,0.18,1.95,300.0,0.7,1
0.1149356755473486,1.6441635976652798,0.18,1.95,300.0,0.7,1
0.1150594067058677,1.6280433818641526,0.18,1.95,300.0,0.7,1
0.1130243716062038,1.661447329087804,0.18,1.95,300.0,0.7,1
0.1153072439337525,1.6508597435818335,0.18,1.95,300.0,0.7,1
0.1130101137472716,1.591489736708143,0.18,1.95,300.0,0.7,1
0.1149413274111124,1.5733640094581949,0.18,1.95,300.0,0.7,0
0.1156482002169113,1.6087644680355682,0.18,1.95,300.0,0.7,1
0.1148684639168619,1.6598071088488044,0.18,1.95,300.0,0.7,1
0.1138944159802397,1.6029632488599668,0.18,1.95,300.0,0.7,1
0.1145367497024842,1.6291489373748052,0.18,1.95,300.0,0.7,1
0.1139379462486638,1.6312274755867708,0.18,1.95,300.0,0.7,1
0.1155166704244889,1.6178140256626596,0.18,1.95,300.0,0.7,1
0.1133007528580413,1.6087705982883005,0.18,1.95,300.0,0.7,1
0.1138928472635688,1.584160869302622,0.18,1.95,300.0,0.7,0
0.1131991408174531,1.6395062073393678,0.18,1.95,300.0,0.7,1
0.1137289595784161,1.6665398391855808,0.18,1.95,300.0,0.7,1
0.1134413165518652,1.5809424505104823,0.18,1.95,300.0,0.7,0
0.1149710400047902,1.659153605191787,0.18,1.95,300.0,0.7,1
0.1135448663864039,1.591258810164548,0.18,1.95,300.0,0.7,0
0.1132678247204027,1.6232512301366513,0.18,1.95,300.0,0.7,1
0.1199052499237403,1.5969939839854534,0.18,1.95,300.0,0.7,0
0.1186355193509682,1.6191991340326282,0.18,1.95,300.0,0.7,1
0.1213779970429068,1.6363019200752664,0.18,1.95,300.0,0.7,1
0.1199865196698858,1.5821192074029615,0.18,1.95,300.0,0.7,0
0.1192573088716487,1.6005273949574543,0.18,1.95,300.0,0.7,0
0.1207944106578217,1.658721079726462,0.18,1.95,300.0,0.7,1
0.1212049255606993,1.6695068608250756,0.18,1.95,300.0,0.7,1
0.1214471000493136,1.6663499132767985,0.18,1.95,300.0,0.7,1
0.1187154664215086,1.5848293535927809,0.18,1.95,300.0,0.7,0
0.119413399579428,1.6263398254064465,0.18,1.95,300.0,0.7,1
0.1187909336661164,1.6556296957802143,0.18,1.95,300.0,0.7,1
0.1203502685372319,1.6252864402302205,0.18,1.95,300.0,0.7,1
0.1189959339701018,1.59637554744002,0.18,1.95,300.0,0.7,0
0.1189809360749467,1.65624331577948,0.18,1.95,300.0,0.7,1
0.1202526835801836,1.6445629427519637,0.18,1.95,300.0,0.7,1
0.11938809858873,1.6081752637088278,0.18,1.95,300.0,0.7,0
0.1197145648932796,1.6470514971744037,0.18,1.95,300.0,0.7,1
0.1208170589630237,1.5917313527514032,0.18,1.95,300.0,0.7,0
0.1213246165702142,1.5831155337443688,0.18,1.95,300.0,0.7,0
0.1211883662472708,1.581089564564981,0.18,1.95,300.0,0.7,0
0.1192936194334539,1.655697853606796,0.18,1.95,300.0,0.7,1
0.1190384762170382,1.612406793130997,0.18,1.95,300.0,0.7,1
0.1198495778998323,1.595575897302321,0.18,1.95,300.0,0.7,0
0.1206307356040079,1.6561834649402205,0.18,1.95,300.0,0.7,1
0.1211237254195667,1.6049822145736563,0.18,1.95,300.0,0.7,0
0.0450028801843318,0.3,0.35,1.83,400.0,0.8,0
0.0450028801843318,0.57368,0.35,1.83,400.0,0.8,0
0.0450028801843318,0.8473699999999998,0.35,1.83,400.0,0.8,0
0.0450028801843318,1.12105,0.35,1.83,400.0,0.8,0
0.0450028801843318,1.39474,0.35,1.83,400.0,0.8,0
0.0450028801843318,1.66842,0.35,1.83,400.0,0.8,0
0.0450028801843318,1.94211,0.35,1.83,400.0,0.8,0
0.0450028801843318,2.21579,0.35,1.83,400.0,0.8,0
0.0450028801843318,2.48947,0.35,1.83,400.0,0.8,0
0.0450028801843318,2.76316,0.35,1.83,400.0,0.8,0
0.0450028801843318,3.03684,0.35,1.83,400.0,0.8,0
0.0450028801843318,3.31053,0.35,1.83,400.0,0.8,0
0.0450028801843318,3.58421,0.35,1.83,400.0,0.8,0
0.0450028801843318,3.85789,0.35,1.83,400.0,0.8,0
0.0450028801843318,4.13158,0.35,1.83,400.0,0.8,0
0.0450028801843318,4.40526,0.35,1.83,400.0,0.8,0
0.0450028801843318,4.67895,0.35,1.83,400.0,0.8,0
0.0450028801843318,4.95263,0.35,1.83,400.0,0.8,0
0.0450028801843318,5.22632,0.35,1.83,400.0,0.8,0
0.0450028801843318,5.5,0.35,1.83,400.0,0.8,0
0.0505254648342764,0.3,0.35,1.83,400.0,0.8,0
0.0505254648342764,0.57368,0.35,1.83,400.0,0.8,0
0.0505254648342764,0.8473699999999998,0.35,1.83,400.0,0.8,0
0.0505254648342764,1.12105,0.35,1.83,400.0,0.8,0
0.0505254648342764,1.39474,0.35,1.83,400.0,0.8,0
0.0505254648342764,1.66842,0.35,1.83,400.0,0.8,0
0.0505254648342764,1.94211,0.35,1.83,400.0,0.8,0
0.0505254648342764,2.21579,0.35,1.83,400.0,0.8,0
0.0505254648342764,2.48947,0.35,1.83,400.0,0.8,0
0.0505254648342764,2.76316,0.35,1.83,400.0,0.8,0
0.0505254648342764,3.03684,0.35,1.83,400.0,0.8,0
0.0505254648342764,3.31053,0.35,1.83,400.0,0.8,0
0.0505254648342764,3.58421,0.35,1.83,400.0,0.8,0
0.0505254648342764,3.85789,0.35,1.83,400.0,0.8,0
0.0505254648342764,4.13158,0.35,1.83,400.0,0.8,0
0.0505254648342764,4.40526,0.35,1.83,400.0,0.8,0
0.0505254648342764,4.67895,0.35,1.83,400.0,0.8,0
0.0505254648342764,4.95263,0.35,1.83,400.0,0.8,0
0.0505254648342764,5.22632,0.35,1.83,400.0,0.8,0
0.0505254648342764,5.5,0.35,1.83,400.0,0.8,0
0.0560538116591928,0.3,0.35,1.83,400.0,0.8,0
0.0560538116591928,0.57368,0.35,1.83,400.0,0.8,0
0.0560538116591928,0.8473699999999998,0.35,1.83,400.0,0.8,0
0.0560538116591928,1.12105,0.35,1.83,400.0,0.8,0
0.0560538116591928,1.39474,0.35,1.83,400.0,0.8,0
0.0560538116591928,1.66842,0.35,1.83,400.0,0.8,0
0.0560538116591928,1.94211,0.35,1.83,400.0,0.8,0
0.0560538116591928,2.21579,0.35,1.83,400.0,0.8,0
0.0560538116591928,2.48947,0.35,1.83,400.0,0.8,0
0.0560538116591928,2.76316,0.35,1.83,400.0,0.8,0
0.0560538116591928,3.03684,0.35,1.83,400.0,0.8,0
0.0560538116591928,3.31053,0.35,1.83,400.0,0.8,0
0.0560538116591928,3.58421,0.35,1.83,400.0,0.8,0
0.0560538116591928,3.85789,0.35,1.83,400.0,0.8,0
0.0560538116591928,4.13158,0.35,1.83,400.0,0.8,0
0.0560538116591928,4.40526,0.35,1.83,400.0,0.8,0
0.0560538116591928,4.67895,0.35,1.83,400.0,0.8,0
0.0560538116591928,4.95263,0.35,1.83,400.0,0.8,0
0.0560538116591928,5.22632,0.35,1.83,400.0,0.8,0
0.0560538116591928,5.5,0.35,1.83,400.0,0.8,1
0.0615763546798029,0.3,0.35,1.83,400.0,0.8,0
0.0615763546798029,0.57368,0.35,1.83,400.0,0.8,0
0.0615763546798029,0.8473699999999998,0.35,1.83,400.0,0.8,0
0.0615763546798029,1.12105,0.35,1.83,400.0,0.8,0
0.0615763546798029,1.39474,0.35,1.83,400.0,0.8,0
0.0615763546798029,1.66842,0.35,1.83,400.0,0.8,0
0.0615763546798029,1.94211,0.35,1.83,400.0,0.8,0
0.0615763546798029,2.21579,0.35,1.83,400.0,0.8,0
0.0615763546798029,2.48947,0.35,1.83,400.0,0.8,0
0.0615763546798029,2.76316,0.35,1.83,400.0,0.8,0
0.0615763546798029,3.03684,0.35,1.83,400.0,0.8,0
0.0615763546798029,3.31053,0.35,1.83,400.0,0.8,0
0.0615763546798029,3.58421,0.35,1.83,400.0,0.8,0
0.0615763546798029,3.85789,0.35,1.83,400.0,0.8,0
0.0615763546798029,4.13158,0.35,1.83,400.0,0.8,0
0.0615763546798029,4.40526,0.35,1.83,400.0,0.8,0
0.0615763546798029,4.67895,0.35,1.83,400.0,0.8,0
0.0615763546798029,4.95263,0.35,1.83,400.0,0.8,0
0.0615763546798029,5.22632,0.35,1.83,400.0,0.8,1
0.0615763546798029,5.5,0.35,1.83,400.0,0.8,1
0.067103285376852,0.3,0.35,1.83,400.0,0.8,0
0.067103285376852,0.57368,0.35,1.83,400.0,0.8,0
0.067103285376852,0.8473699999999998,0.35,1.83,400.0,0.8,0
0.067103285376852,1.12105,0.35,1.83,400.0,0.8,0
0.067103285376852,1.39474,0.35,1.83,400.0,0.8,0
0.067103285376852,1.66842,0.35,1.83,400.0,0.8,0
0.067103285376852,1.94211,0.35,1.83,400.0,0.8,0
0.067103285376852,2.21579,0.35,1.83,400.0,0.8,0
0.067103285376852,2.48947,0.35,1.83,400.0,0.8,0
0.067103285376852,2.76316,0.35,1.83,400.0,0.8,0
0.067103285376852,3.03684,0.35,1.83,400.0,0.8,0
0.067103285376852,3.31053,0.35,1.83,400.0,0.8,0
0.067103285376852,3.58421,0.35,1.83,400.0,0.8,0
0.067103285376852,3.85789,0.35,1.83,400.0,0.8,0
0.067103285376852,4.13158,0.35,1.83,400.0,0.8,0
0.067103285376852,4.40526,0.35,1.83,400.0,0.8,0
0.067103285376852,4.67895,0.35,1.83,400.0,0.8,1
0.067103285376852,4.95263,0.35,1.83,400.0,0.8,1
0.067103285376852,5.22632,0.35,1.83,400.0,0.8,1
0.067103285376852,5.5,0.35,1.83,400.0,0.8,1
0.072623750871485,0.3,0.35,1.83,400.0,0.8,0
0.072623750871485,0.57368,0.35,1.83,400.0,0.8,0
0.072623750871485,0.8473699999999998,0.35,1.83,400.0,0.8,0
0.072623750871485,1.12105,0.35,1.83,400.0,0.8,0
0.072623750871485,1.39474,0.35,1.83,400.0,0.8,0
0.072623750871485,1.66842,0.35,1.83,400.0,0.8,0
0.072623750871485,1.94211,0.35,1.83,400.0,0.8,0
0.072623750871485,2.21579,0.35,1.83,400.0,0.8,0
0.072623750871485,2.48947,0.35,1.83,400.0,0.8,0
0.072623750871485,2.76316,0.35,1.83,400.0,0.8,0
0.072623750871485,3.03684,0.35,1.83,400.0,0.8,0
0.072623750871485,3.31053,0.35,1.83,400.0,0.8,0
0.072623750871485,3.58421,0.35,1.83,400.0,0.8,0
0.072623750871485,3.85789,0.35,1.83,400.0,0.8,0
0.072623750871485,4.13158,0.35,1.83,400.0,0.8,0
0.072623750871485,4.40526,0.35,1.83,400.0,0.8,0
0.072623750871485,4.67895,0.35,1.83,400.0,0.8,1
0.072623750871485,4.95263,0.35,1.83,400.0,0.8,1
0.072623750871485,5.22632,0.35,1.83,400.0,0.8,1
0.072623750871485,5.5,0.35,1.83,400.0,0.8,1
0.0781640820410205,0.3,0.35,1.83,400.0,0.8,0
0.0781640820410205,0.57368,0.35,1.83,400.0,0.8,0
0.0781640820410205,0.8473699999999998,0.35,1.83,400.0,0.8,0
0.0781640820410205,1.12105,0.35,1.83,400.0,0.8,0
0.0781640820410205,1.39474,0.35,1.83,400.0,0.8,0
0.0781640820410205,1.66842,0.35,1.83,400.0,0.8,0
0.0781640820410205,1.94211,0.35,1.83,400.0,0.8,0
0.0781640820410205,2.21579,0.35,1.83,400.0,0.8,0
0.0781640820410205,2.48947,0.35,1.83,400.0,0.8,0
0.0781640820410205,2.76316,0.35,1.83,400.0,0.8,0
0.0781640820410205,3.03684,0.35,1.83,400.0,0.8,0
0.0781640820410205,3.31053,0.35,1.83,400.0,0.8,0
0.0781640820410205,3.58421,0.35,1.83,400.0,0.8,0
0.0781640820410205,3.85789,0.35,1.83,400.0,0.8,0
0.0781640820410205,4.13158,0.35,1.83,400.0,0.8,0
0.0781640820410205,4.40526,0.35,1.83,400.0,0.8,0
0.0781640820410205,4.67895,0.35,1.83,400.0,0.8,1
0.0781640820410205,4.95263,0.35,1.83,400.0,0.8,1
0.0781640820410205,5.22632,0.35,1.83,400.0,0.8,1
0.0781640820410205,5.5,0.35,1.83,400.0,0.8,1
0.0836904124263524,0.3,0.35,1.83,400.0,0.8,0
0.0836904124263524,0.57368,0.35,1.83,400.0,0.8,0
0.0836904124263524,0.8473699999999998,0.35,1.83,400.0,0.8,0
0.0836904124263524,1.12105,0.35,1.83,400.0,0.8,0
0.0836904124263524,1.39474,0.35,1.83,400.0,0.8,0
0.0836904124263524,1.66842,0.35,1.83,400.0,0.8,0
0.0836904124263524,1.94211,0.35,1.83,400.0,0.8,0
0.0836904124263524,2.21579,0.35,1.83,400.0,0.8,0
0.0836904124263524,2.48947,0.35,1.83,400.0,0.8,0
0.0836904124263524,2.76316,0.35,1.83,400.0,0.8,0
0.0836904124263524,3.03684,0.35,1.83,400.0,0.8,0
0.0836904124263524,3.31053,0.35,1.83,400.0,0.8,0
0.0836904124263524,3.58421,0.35,1.83,400.0,0.8,0
0.0836904124263524,3.85789,0.35,1.83,400.0,0.8,0
0.0836904124263524,4.13158,0.35,1.83,400.0,0.8,0
0.0836904124263524,4.40526,0.35,1.83,400.0,0.8,0
0.0836904124263524,4.67895,0.35,1.83,400.0,0.8,1
0.0836904124263524,4.95263,0.35,1.83,400.0,0.8,1
0.0836904124263524,5.22632,0.35,1.83,400.0,0.8,1
0.0836904124263524,5.5,0.35,1.83,400.0,0.8,1
0.0892092492149586,0.3,0.35,1.83,400.0,0.8,0
0.0892092492149586,0.57368,0.35,1.83,400.0,0.8,0
0.0892092492149586,0.8473699999999998,0.35,1.83,400.0,0.8,0
0.0892092492149586,1.12105,0.35,1.83,400.0,0.8,0
0.0892092492149586,1.39474,0.35,1.83,400.0,0.8,0
0.0892092492149586,1.66842,0.35,1.83,400.0,0.8,0
0.0892092492149586,1.94211,0.35,1.83,400.0,0.8,0
0.0892092492149586,2.21579,0.35,1.83,400.0,0.8,0
0.0892092492149586,2.48947,0.35,1.83,400.0,0.8,0
0.0892092492149586,2.76316,0.35,1.83,400.0,0.8,0
0.0892092492149586,3.03684,0.35,1.83,400.0,0.8,0
0.0892092492149586,3.31053,0.35,1.83,400.0,0.8,0
0.0892092492149586,3.58421,0.35,1.83,400.0,0.8,0
0.0892092492149586,3.85789,0.35,1.83,400.0,0.8,0
0.0892092492149586,4.13158,0.35,1.83,400.0,0.8,0
0.0892092492149586,4.40526,0.35,1.83,400.0,0.8,0
0.0892092492149586,4.67895,0.35,1.83,400.0,0.8,1
0.0892092492149586,4.95263,0.35,1.83,400.0,0.8,1
0.0892092492149586,5.22632,0.35,1.83,400.0,0.8,1
0.0892092492149586,5.5,0.35,1.83,400.0,0.8,1
0.094725674446802,0.3,0.35,1.83,400.0,0.8,0
0.094725674446802,0.57368,0.35,1.83,400.0,0.8,0
0.094725674446802,0.8473699999999998,0.35,1.83,400.0,0.8,0
0.094725674446802,1.12105,0.35,1.83,400.0,0.8,0
0.094725674446802,1.39474,0.35,1.83,400.0,0.8,0
0.094725674446802,1.66842,0.35,1.83,400.0,0.8,0
0.094725674446802,1.94211,0.35,1.83,400.0,0.8,0
0.094725674446802,2.21579,0.35,1.83,400.0,0.8,0
0.094725674446802,2.48947,0.35,1.83,400.0,0.8,0
0.094725674446802,2.76316,0.35,1.83,400.0,0.8,0
0.094725674446802,3.03684,0.35,1.83,400.0,0.8,0
0.094725674446802,3.31053,0.35,1.83,400.0,0.8,0
0.094725674446802,3.58421,0.35,1.83,400.0,0.8,0
0.094725674446802,3.85789,0.35,1.83,400.0,0.8,0
0.094725674446802,4.13158,0.35,1.83,400.0,0.8,0
0.094725674446802,4.40526,0.35,1.83,400.0,0.8,0
0.094725674446802,4.67895,0.35,1.83,400.0,0.8,1
0.094725674446802,4.95263,0.35,1.83,400.0,0.8,1
0.094725674446802,5.22632,0.35,1.83,400.0,0.8,1
0.094725674446802,5.5,0.35,1.83,400.0,0.8,1
0.1002566570420276,0.3,0.35,1.83,400.0,0.8,0
0.1002566570420276,0.57368,0.35,1.83,400.0,0.8,0
0.1002566570420276,0.8473699999999998,0.35,1.83,400.0,0.8,0
0.1002566570420276,1.12105,0.35,1.83,400.0,0.8,0
0.1002566570420276,1.39474,0.35,1.83,400.0,0.8,0
0.1002566570420276,1.66842,0.35,1.83,400.0,0.8,0
0.1002566570420276,1.94211,0.35,1.83,400.0,0.8,0
0.1002566570420276,2.21579,0.35,1.83,400.0,0.8,0
0.1002566570420276,2.48947,0.35,1.83,400.0,0.8,0
0.1002566570420276,2.76316,0.35,1.83,400.0,0.8,0
0.1002566570420276,3.03684,0.35,1.83,400.0,0.8,0
0.1002566570420276,3.31053,0.35,1.83,400.0,0.8,0
0.1002566570420276,3.58421,0.35,1.83,400.0,0.8,0
0.1002566570420276,3.85789,0.35,1.83,400.0,0.8,0
0.1002566570420276,4.13158,0.35,1.83,400.0,0.8,0
0.1002566570420276,4.40526,0.35,1.83,400.0,0.8,0
0.1002566570420276,4.67895,0.35,1.83,400.0,0.8,1
0.1002566570420276,4.95263,0.35,1.83,400.0,0.8,1
0.1002566570420276,5.22632,0.35,1.83,400.0,0.8,1
0.1002566570420276,5.5,0.35,1.83,400.0,0.8,1
0.1057887610020311,0.3,0.35,1.83,400.0,0.8,0
0.1057887610020311,0.57368,0.35,1.83,400.0,0.8,0
0.1057887610020311,0.8473699999999998,0.35,1.83,400.0,0.8,0
0.1057887610020311,1.12105,0.35,1.83,400.0,0.8,0
0.1057887610020311,1.39474,0.35,1.83,400.0,0.8,0
0.1057887610020311,1.66842,0.35,1.83,400.0,0.8,0
0.1057887610020311,1.94211,0.35,1.83,400.0,0.8,0
0.1057887610020311,2.21579,0.35,1.83,400.0,0.8,0
0.1057887610020311,2.48947,0.35,1.83,400.0,0.8,0
0.1057887610020311,2.76316,0.35,1.83,400.0,0.8,0
0.1057887610020311,3.03684,0.35,1.83,400.0,0.8,0
0.1057887610020311,3.31053,0.35,1.83,400.0,0.8,0
0.1057887610020311,3.58421,0.35,1.83,400.0,0.8,0
0.1057887610020311,3.85789,0.35,1.83,400.0,0.8,0
0.1057887610020311,4.13158,0.35,1.83,400.0,0.8,0
0.1057887610020311,4.40526,0.35,1.83,400.0,0.8,0
0.1057887610020311,4.67895,0.35,1.83,400.0,0.8,0
0.1057887610020311,4.95263,0.35,1.83,400.0,0.8,1
0.1057887610020311,5.22632,0.35,1.83,400.0,0.8,1
0.1057887610020311,5.5,0.35,1.83,400.0,0.8,1
0.11132882080513,0.3,0.35,1.83,400.0,0.8,0
0.11132882080513,0.57368,0.35,1.83,400.0,0.8,0
0.11132882080513,0.8473699999999998,0.35,1.83,400.0,0.8,0
0.11132882080513,1.12105,0.35,1.83,400.0,0.8,0
0.11132882080513,1.39474,0.35,1.83,400.0,0.8,0
0.11132882080513,1.66842,0.35,1.83,400.0,0.8,0
0.11132882080513,1.94211,0.35,1.83,400.0,0.8,0
0.11132882080513,2.21579,0.35,1.83,400.0,0.8,0
0.11132882080513,2.48947,0.35,1.83,400.0,0.8,0
0.11132882080513,2.76316,0.35,1.83,400.0,0.8,0
0.11132882080513,3.03684,0.35,1.83,400.0,0.8,0
0.11132882080513,3.31053,0.35,1.83,400.0,0.8,0
0.11132882080513,3.58421,0.35,1.83,400.0,0.8,0
0.11132882080513,3.85789,0.35,1.83,400.0,0.8,0
0.11132882080513,4.13158,0.35,1.83,400.0,0.8,0
0.11132882080513,4.40526,0.35,1.83,400.0,0.8,0
0.11132882080513,4.67895,0.35,1.83,400.0,0.8,0
0.11132882080513,4.95263,0.35,1.83,400.0,0.8,1
0.11132882080513,5.22632,0.35,1.83,400.0,0.8,1
0.11132882080513,5.5,0.35,1.83,400.0,0.8,1
0.116822429906542,0.3,0.35,1.83,400.0,0.8,0
0.116822429906542,0.57368,0.35,1.83,400.0,0.8,0
0.116822429906542,0.8473699999999998,0.35,1.83,400.0,0.8,0
0.116822429906542,1.12105,0.35,1.83,400.0,0.8,0
0.116822429906542,1.39474,0.35,1.83,400.0,0.8,0
0.116822429906542,1.66842,0.35,1.83,400.0,0.8,0
0.116822429906542,1.94211,0.35,1.83,400.0,0.8,0
0.116822429906542,2.21579,0.35,1.83,400.0,0.8,0
0.116822429906542,2.48947,0.35,1.83,400.0,0.8,0
0.116822429906542,2.76316,0.35,1.83,400.0,0.8,0
0.116822429906542,3.03684,0.35,1.83,400.0,0.8,0
0.116822429906542,3.31053,0.35,1.83,400.0,0.8,0
0.116822429906542,3.58421,0.35,1.83,400.0,0.8,0
0.116822429906542,3.85789,0.35,1.83,400.0,0.8,0
0.116822429906542,4.13158,0.35,1.83,400.0,0.8,0
0.116822429906542,4.40526,0.35,1.83,400.0,0.8,0
0.116822429906542,4.67895,0.35,1.83,400.0,0.8,0
0.116822429906542,4.95263,0.35,1.83,400.0,0.8,1
0.116822429906542,5.22632,0.35,1.83,400.0,0.8,1
0.116822429906542,5.5,0.35,1.83,400.0,0.8,1
0.1223570869224745,0.3,0.35,1.83,400.0,0.8,0
0.1223570869224745,0.57368,0.35,1.83,400.0,0.8,0
0.1223570869224745,0.8473699999999998,0.35,1.83,400.0,0.8,0
0.1223570869224745,1.12105,0.35,1.83,400.0,0.8,0
0.1223570869224745,1.39474,0.35,1.83,400.0,0.8,0
0.1223570869224745,1.66842,0.35,1.83,400.0,0.8,0
0.1223570869224745,1.94211,0.35,1.83,400.0,0.8,0
0.1223570869224745,2.21579,0.35,1.83,400.0,0.8,0
0.1223570869224745,2.48947,0.35,1.83,400.0,0.8,0
0.1223570869224745,2.76316,0.35,1.83,400.0,0.8,0
0.1223570869224745,3.03684,0.35,1.83,400.0,0.8,0
0.1223570869224745,3.31053,0.35,1.83,400.0,0.8,0
0.1223570869224745,3.58421,0.35,1.83,400.0,0.8,0
0.1223570869224745,3.85789,0.35,1.83,400.0,0.8,0
0.1223570869224745,4.13158,0.35,1.83,400.0,0.8,0
0.1223570869224745,4.40526,0.35,1.83,400.0,0.8,0
0.1223570869224745,4.67895,0.35,1.83,400.0,0.8,0
0.1223570869224745,4.95263,0.35,1.83,400.0,0.8,0
0.1223570869224745,5.22632,0.35,1.83,400.0,0.8,1
0.1223570869224745,5.5,0.35,1.83,400.0,0.8,1
0.1279164961113385,0.3,0.35,1.83,400.0,0.8,0
0.1279164961113385,0.57368,0.35,1.83,400.0,0.8,0
0.1279164961113385,0.8473699999999998,0.35,1.83,400.0,0.8,0
0.1279164961113385,1.12105,0.35,1.83,400.0,0.8,0
0.1279164961113385,1.39474,0.35,1.83,400.0,0.8,0
0.1279164961113385,1.66842,0.35,1.83,400.0,0.8,0
0.1279164961113385,1.94211,0.35,1.83,400.0,0.8,0
0.1279164961113385,2.21579,0.35,1.83,400.0,0.8,0
0.1279164961113385,2.48947,0.35,1.83,400.0,0.8,0
0.1279164961113385,2.76316,0.35,1.83,400.0,0.8,0
0.1279164961113385,3.03684,0.35,1.83,400.0,0.8,0
0.1279164961113385,3.31053,0.35,1.83,400.0,0.8,0
0.1279164961113385,3.58421,0.35,1.83,400.0,0.8,0
0.1279164961113385,3.85789,0.35,1.83,400.0,0.8,0
0.1279164961113385,4.13158,0.35,1.83,400.0,0.8,0
0.1279164961113385,4.40526,0.35,1.83,400.0,0.8,0
0.1279164961113385,4.67895,0.35,1.83,400.0,0.8,0
0.1279164961113385,4.95263,0.35,1.83,400.0,0.8,0
0.1279164961113385,5.22632,0.35,1.83,400.0,0.8,1
0.1279164961113385,5.5,0.35,1.83,400.0,0.8,1
0.1334329632792485,0.3,0.35,1.83,400.0,0.8,0
0.1334329632792485,0.57368,0.35,1.83,400.0,0.8,0
0.1334329632792485,0.8473699999999998,0.35,1.83,400.0,0.8,0
0.1334329632792485,1.12105,0.35,1.83,400.0,0.8,0
0.1334329632792485,1.39474,0.35,1.83,400.0,0.8,0
0.1334329632792485,1.66842,0.35,1.83,400.0,0.8,0
0.1334329632792485,1.94211,0.35,1.83,400.0,0.8,0
0.1334329632792485,2.21579,0.35,1.83,400.0,0.8,0
0.1334329632792485,2.48947,0.35,1.83,400.0,0.8,0
0.1334329632792485,2.76316,0.35,1.83,400.0,0.8,0
0.1334329632792485,3.03684,0.35,1.83,400.0,0.8,0
0.1334329632792485,3.31053,0.35,1.83,400.0,0.8,0
0.1334329632792485,3.58421,0.35,1.83,400.0,0.8,0
0.1334329632792485,3.85789,0.35,1.83,400.0,0.8,0
0.1334329632792485,4.13158,0.35,1.83,400.0,0.8,0
0.1334329632792485,4.40526,0.35,1.83,400.0,0.8,0
0.1334329632792485,4.67895,0.35,1.83,400.0,0.8,0
0.1334329632792485,4.95263,0.35,1.83,400.0,0.8,0
0.1334329632792485,5.22632,0.35,1.83,400.0,0.8,0
0.1334329632792485,5.5,0.35,1.83,400.0,0.8,1
0.1389506447309915,0.3,0.35,1.83,400.0,0.8,0
0.1389506447309915,0.57368,0.35,1.83,400.0,0.8,0
0.1389506447309915,0.8473699999999998,0.35,1.83,400.0,0.8,0
0.1389506447309915,1.12105,0.35,1.83,400.0,0.8,0
0.1389506447309915,1.39474,0.35,1.83,400.0,0.8,0
0.1389506447309915,1.66842,0.35,1.83,400.0,0.8,0
0.1389506447309915,1.94211,0.35,1.83,400.0,0.8,0
0.1389506447309915,2.21579,0.35,1.83,400.0,0.8,0
0.1389506447309915,2.48947,0.35,1.83,400.0,0.8,0
0.1389506447309915,2.76316,0.35,1.83,400.0,0.8,0
0.1389506447309915,3.03684,0.35,1.83,400.0,0.8,0
0.1389506447309915,3.31053,0.35,1.83,400.0,0.8,0
0.1389506447309915,3.58421,0.35,1.83,400.0,0.8,0
0.1389506447309915,3.85789,0.35,1.83,400.0,0.8,0
0.1389506447309915,4.13158,0.35,1.83,400.0,0.8,0
0.1389506447309915,4.40526,0.35,1.83,400.0,0.8,0
0.1389506447309915,4.67895,0.35,1.83,400.0,0.8,0
0.1389506447309915,4.95263,0.35,1.83,400.0,0.8,0
0.1389506447309915,5.22632,0.35,1.83,400.0,0.8,0
0.1389506447309915,5.5,0.35,1.83,400.0,0.8,1
0.1444752658344891,0.3,0.35,1.83,400.0,0.8,0
0.1444752658344891,0.57368,0.35,1.83,400.0,0.8,0
0.1444752658344891,0.8473699999999998,0.35,1.83,400.0,0.8,0
0.1444752658344891,1.12105,0.35,1.83,400.0,0.8,0
0.1444752658344891,1.39474,0.35,1.83,400.0,0.8,0
0.1444752658344891,1.66842,0.35,1.83,400.0,0.8,0
0.1444752658344891,1.94211,0.35,1.83,400.0,0.8,0
0.1444752658344891,2.21579,0.35,1.83,400.0,0.8,0
0.1444752658344891,2.48947,0.35,1.83,400.0,0.8,0
0.1444752658344891,2.76316,0.35,1.83,400.0,0.8,0
0.1444752658344891,3.03684,0.35,1.83,400.0,0.8,0
0.1444752658344891,3.31053,0.35,1.83,400.0,0.8,0
0.1444752658344891,3.58421,0.35,1.83,400.0,0.8,0
0.1444752658344891,3.85789,0.35,1.83,400.0,0.8,0
0.1444752658344891,4.13158,0.35,1.83,400.0,0.8,0
0.1444752658344891,4.40526,0.35,1.83,400.0,0.8,0
0.1444752658344891,4.67895,0.35,1.83,400.0,0.8,0
0.1444752658344891,4.95263,0.35,1.83,400.0,0.8,0
0.1444752658344891,5.22632,0.35,1.83,400.0,0.8,0
0.1444752658344891,5.5,0.35,1.83,400.0,0.8,0
0.1500240038406144,0.3,0.35,1.83,400.0,0.8,0
0.1500240038406144,0.57368,0.35,1.83,400.0,0.8,0
0.1500240038406144,0.8473699999999998,0.35,1.83,400.0,0.8,0
0.1500240038406144,1.12105,0.35,1.83,400.0,0.8,0
0.1500240038406144,1.39474,0.35,1.83,400.0,0.8,0
0.1500240038406144,1.66842,0.35,1.83,400.0,0.8,0
0.1500240038406144,1.94211,0.35,1.83,400.0,0.8,0
0.1500240038406144,2.21579,0.35,1.83,400.0,0.8,0
0.1500240038406144,2.48947,0.35,1.83,400.0,0.8,0
0.1500240038406144,2.76316,0.35,1.83,400.0,0.8,0
0.1500240038406144,3.03684,0.35,1.83,400.0,0.8,0
0.1500240038406144,3.31053,0.35,1.83,400.0,0.8,0
0.1500240038406144,3.58421,0.35,1.83,400.0,0.8,0
0.1500240038406144,3.85789,0.35,1.83,400.0,0.8,0
0.1500240038406144,4.13158,0.35,1.83,400.0,0.8,0
0.1500240038406144,4.40526,0.35,1.83,400.0,0.8,0
0.1500240038406144,4.67895,0.35,1.83,400.0,0.8,0
0.1500240038406144,4.95263,0.35,1.83,400.0,0.8,0
0.1500240038406144,5.22632,0.35,1.83,400.0,0.8,0
0.1500240038406144,5.5,0.35,1.83,400.0,0.8,0
0.0568756798048607,5.493887843975205,0.35,1.83,400.0,0.8,1
0.0571296054189269,5.519736802905936,0.35,1.83,400.0,0.8,0
0.0548363437028557,5.547562235163675,0.35,1.83,400.0,0.8,0
0.0568372307651638,5.528606430527695,0.35,1.83,400.0,0.8,0
0.0549381525572194,5.495038593789556,0.35,1.83,400.0,0.8,0
0.0556662057318905,5.54267649888486,0.35,1.83,400.0,0.8,0
0.0564854070194348,5.532276161327083,0.35,1.83,400.0,0.8,0
0.0558840542556748,5.472723872178478,0.35,1.83,400.0,0.8,0
0.0562175660202403,5.4563817256104175,0.35,1.83,400.0,0.8,0
0.0570367051751705,5.513166439912206,0.35,1.83,400.0,0.8,0
0.0568280748794489,5.485452596812987,0.35,1.83,400.0,0.8,1
0.0574659057323775,5.53931211213222,0.35,1.83,400.0,0.8,0
0.0568889621504141,5.469463870785197,0.35,1.83,400.0,0.8,0
0.0559539746703739,5.454380376578722,0.35,1.83,400.0,0.8,0
0.0550166801353954,5.5183048953242455,0.35,1.83,400.0,0.8,0
0.0567880981269162,5.546750973243421,0.35,1.83,400.0,0.8,0
0.0555312877336072,5.487045970603487,0.35,1.83,400.0,0.8,0
0.0559624790930202,5.4689471359084285,0.35,1.83,400.0,0.8,0
0.0549435761751992,5.497570492622593,0.35,1.83,400.0,0.8,0
0.0552345397063454,5.516981399468251,0.35,1.83,400.0,0.8,0
0.0558652674158098,5.533267819605784,0.35,1.83,400.0,0.8,0
0.0566546069651995,5.481236664138204,0.35,1.83,400.0,0.8,1
0.0570505910633784,5.53047643574968,0.35,1.83,400.0,0.8,0
0.0557162467962833,5.478832810393024,0.35,1.83,400.0,0.8,0
0.0566012981711177,5.463975248360931,0.35,1.83,400.0,0.8,0
0.0606760792872282,5.040211226975101,0.35,1.83,400.0,0.8,0
0.0624371278123093,5.105960085659204,0.35,1.83,400.0,0.8,0
0.0621918508156819,5.117547903102197,0.35,1.83,400.0,0.8,0
0.0614531020064179,5.096349119595289,0.35,1.83,400.0,0.8,0
0.0604957456741859,5.050928007353598,0.35,1.83,400.0,0.8,0
0.0620815635651743,5.086584620614313,0.35,1.83,400.0,0.8,0
0.0617720629992465,5.115974885741602,0.35,1.83,400.0,0.8,0
0.0619805096398047,5.0948329400658,0.35,1.83,400.0,0.8,0
0.0617539761620392,5.0698700098062615,0.35,1.83,400.0,0.8,0
0.0601688081835067,5.0831467389232365,0.35,1.83,400.0,0.8,0
0.0607201086982615,5.080327864372464,0.35,1.83,400.0,0.8,0
0.0626365638996074,5.062868948586535,0.35,1.83,400.0,0.8,0
0.0602512629048701,5.0676133892022,0.35,1.83,400.0,0.8,0
0.060957135953103,5.105666651472689,0.35,1.83,400.0,0.8,0
0.0617474511368267,5.117864820910642,0.35,1.83,400.0,0.8,0
0.0620692953007851,5.080113686144007,0.35,1.83,400.0,0.8,0
0.062518415833801,5.05617229199077,0.35,1.83,400.0,0.8,0
0.0601444908992045,5.048479786077564,0.35,1.83,400.0,0.8,0
0.0622434327315923,5.0856627230251386,0.35,1.83,400.0,0.8,0
0.0605601700169037,5.089579477510337,0.35,1.83,400.0,0.8,0
0.0605332909879424,5.109107037507774,0.35,1.83,400.0,0.8,0
0.061414823506525,5.077577122609648,0.35,1.83,400.0,0.8,0
0.0609808909472465,5.102503259311889,0.35,1.83,400.0,0.8,0
0.0611617925114631,5.04823999193161,0.35,1.83,400.0,0.8,0
0.0604303723861645,5.135664766454951,0.35,1.83,400.0,0.8,0
0.0683290274489748,4.698917380047742,0.35,1.83,400.0,0.8,0
0.0664008952612306,4.72586430440144,0.35,1.83,400.0,0.8,0
0.0679395380887494,4.700635685582567,0.35,1.83,400.0,0.8,0
0.0669513698832834,4.656170822851183,0.35,1.83,400.0,0.8,0
0.0658924582633125,4.719206906321052,0.35,1.83,400.0,0.8,0
0.0669706142463528,4.649183003146191,0.35,1.83,400.0,0.8,0
0.066521155249304,4.686868623560857,0.35,1.83,400.0,0.8,0
0.0661336037256697,4.714608095075905,0.35,1.83,400.0,0.8,0
0.0678788439663576,4.7008929622617615,0.35,1.83,400.0,0.8,0
0.0668995644961773,4.691677550736912,0.35,1.83,400.0,0.8,0
0.0673555792835902,4.69393132682215,0.35,1.83,400.0,0.8,0
0.0658566183402717,4.670527406883728,0.35,1.83,400.0,0.8,0
0.0657281278984377,4.678345748591119,0.35,1.83,400.0,0.8,1
0.0665928690138504,4.6433990855532725,0.35,1.83,400.0,0.8,0
0.0659134942800197,4.687711123884439,0.35,1.83,400.0,0.8,0
0.0661150642824627,4.721458678504347,0.35,1.83,400.0,0.8,0
0.0673464687959532,4.663633647120151,0.35,1.83,400.0,0.8,0
0.0673760318512963,4.631227053769638,0.35,1.83,400.0,0.8,0
0.0684789630165763,4.677177010360958,0.35,1.83,400.0,0.8,1
0.0679514910586029,4.637219666658911,0.35,1.83,400.0,0.8,0
0.0670632603693665,4.67801736610212,0.35,1.83,400.0,0.8,1
0.0684167647417769,4.686119471904275,0.35,1.83,400.0,0.8,1
0.0670237535800229,4.655644232975857,0.35,1.83,400.0,0.8,0
0.0665979923688797,4.6810139069138215,0.35,1.83,400.0,0.8,1
0.0669200197577672,4.631107874654701,0.35,1.83,400.0,0.8,0
0.073602626644068,4.44487941051731,0.35,1.83,400.0,0.8,0
0.0715444981384808,4.410666947687238,0.35,1.83,400.0,0.8,0
0.0714494780948913,4.422487342637314,0.35,1.83,400.0,0.8,0
0.071967452223002,4.421205596802524,0.35,1.83,400.0,0.8,0
0.0733047347143456,4.432128082525098,0.35,1.83,400.0,0.8,0
0.0714469737093527,4.446864517847094,0.35,1.83,400.0,0.8,0
0.0718143928441696,4.359004588950951,0.35,1.83,400.0,0.8,0
0.0727883082796594,4.392355561719577,0.35,1.83,400.0,0.8,0
0.0736131201008822,4.436088480539763,0.35,1.83,400.0,0.8,0
0.0720751675499531,4.450553272840308,0.35,1.83,400.0,0.8,0
0.0719965043859053,4.406769046256504,0.35,1.83,400.0,0.8,0
0.0718916461431878,4.448867690338229,0.35,1.83,400.0,0.8,0
0.071617574324231,4.359754395272566,0.35,1.83,400.0,0.8,0
0.0724290420514941,4.454500889738917,0.35,1.83,400.0,0.8,0
0.0737987826702497,4.430124135279028,0.35,1.83,400.0,0.8,0
0.0737961283441205,4.44460799730312,0.35,1.83,400.0,0.8,0
0.0726803259526443,4.386856238516413,0.35,1.83,400.0,0.8,0
0.0734397881678179,4.421429459650109,0.35,1.83,400.0,0.8,0
0.0722447240581061,4.3647100001394845,0.35,1.83,400.0,0.8,0
0.073364119705532,4.38150938492562,0.35,1.83,400.0,0.8,0
0.0739341903230863,4.379360390833901,0.35,1.83,400.0,0.8,0
0.0714920246687194,4.438374600545823,0.35,1.83,400.0,0.8,0
0.0715836038213584,4.373190164149107,0.35,1.83,400.0,0.8,0
0.0729218992460475,4.442719537417079,0.35,1.83,400.0,0.8,0
0.0717130548686287,4.386295700623343,0.35,1.83,400.0,0.8,0
0.078996296555744,4.45244597593943,0.35,1.83,400.0,0.8,0
0.0781663055996275,4.369653083588458,0.35,1.83,400.0,0.8,0
0.0767058909041451,4.378228936333219,0.35,1.83,400.0,0.8,0
0.07705954869438,4.423029200694619,0.35,1.83,400.0,0.8,0
0.0770295795549061,4.405896326495396,0.35,1.83,400.0,0.8,0
0.0787468693479491,4.413374994255423,0.35,1.83,400.0,0.8,0
0.0772634089960006,4.43567578595156,0.35,1.83,400.0,0.8,0
0.0788103034298679,4.429161733724888,0.35,1.83,400.0,0.8,0
0.0770572552956924,4.367638713698367,0.35,1.83,400.0,0.8,0
0.07944676969404,4.395021152715827,0.35,1.83,400.0,0.8,0
0.0775669281163633,4.404121737868486,0.35,1.83,400.0,0.8,0
0.0786526746793112,4.45082565903803,0.35,1.83,400.0,0.8,0
0.0775234207216666,4.447744176264536,0.35,1.83,400.0,0.8,0
0.0767386605151792,4.410783137566016,0.35,1.83,400.0,0.8,0
0.0785660073760637,4.365853073708409,0.35,1.83,400.0,0.8,0
0.0770851008322122,4.397174765264963,0.35,1.83,400.0,0.8,0
0.07956277777745,4.4148675886567705,0.35,1.83,400.0,0.8,0
0.0794631517058211,4.43569942489463,0.35,1.83,400.0,0.8,0
0.0780662268456863,4.433739678258552,0.35,1.83,400.0,0.8,0
0.0767175923929514,4.3661777330099065,0.35,1.83,400.0,0.8,0
0.0791523678856687,4.434945042165849,0.35,1.83,400.0,0.8,0
0.0773620042669198,4.408340292393238,0.35,1.83,400.0,0.8,0
0.0784821295031205,4.442037228710934,0.35,1.83,400.0,0.8,0
0.0784734035130367,4.396520490260701,0.35,1.83,400.0,0.8,0
0.077786634171242,4.3978515419706845,0.35,1.83,400.0,0.8,0
0.0841462055030923,4.442012396508566,0.35,1.83,400.0,0.8,0
0.0835521030725813,4.380047289628469,0.35,1.83,400.0,0.8,0
0.0829003995153451,4.429864761357678,0.35,1.83,400.0,0.8,0
0.0846401187166241,4.365791141318746,0.35,1.83,400.0,0.8,0
0.0823900889972179,4.4147066997089786,0.35,1.83,400.0,0.8,0
0.0826289321589305,4.437729752378967,0.35,1.83,400.0,0.8,0
0.0831214164481246,4.369650526630448,0.35,1.83,400.0,0.8,0
0.0849533238438148,4.371816505606861,0.35,1.83,400.0,0.8,0
0.0830445726733662,4.370624672852539,0.35,1.83,400.0,0.8,0
0.0825368826173485,4.357378134966977,0.35,1.83,400.0,0.8,0
0.0823565986538452,4.372727480426918,0.35,1.83,400.0,0.8,0
0.0823505582242339,4.41437771494443,0.35,1.83,400.0,0.8,0
0.0842325560067509,4.394626379016536,0.35,1.83,400.0,0.8,0
0.0831443857172086,4.405715957035556,0.35,1.83,400.0,0.8,0
0.0848154272530562,4.440376496015554,0.35,1.83,400.0,0.8,0
0.0823208376123908,4.373413174292986,0.35,1.83,400.0,0.8,0
0.0829006470396656,4.380202090916554,0.35,1.83,400.0,0.8,0
0.0839041103815807,4.396889575903653,0.35,1.83,400.0,0.8,0
0.0823381747861352,4.3926247471792905,0.35,1.83,400.0,0.8,0
0.0837616712725053,4.365430523623704,0.35,1.83,400.0,0.8,0
0.0846907880877181,4.360459519979844,0.35,1.83,400.0,0.8,0
0.0849649380334066,4.365174647491321,0.35,1.83,400.0,0.8,0
0.0847211372811457,4.445528647726095,0.35,1.83,400.0,0.8,0
0.0851291244681122,4.435465921360692,0.35,1.83,400.0,0.8,0
0.0845288450486664,4.419511660932888,0.35,1.83,400.0,0.8,0
0.090046238278693,4.505560220841315,0.35,1.83,400.0,0.8,0
0.0893174533228015,4.5435272870190415,0.35,1.83,400.0,0.8,0
0.0902819656473262,4.538384936559352,0.35,1.83,400.0,0.8,0
0.0888645177032596,4.556061327123711,0.35,1.83,400.0,0.8,0
0.0885086391674611,4.506081841095396,0.35,1.83,400.0,0.8,0
0.0891428810370298,4.533793936859489,0.35,1.83,400.0,0.8,0
0.0884069590365452,4.528856181011513,0.35,1.83,400.0,0.8,0
0.0888084265644373,4.524854556441255,0.35,1.83,400.0,0.8,0
0.0888476414541394,4.560679334545595,0.35,1.83,400.0,0.8,0
0.0885998786386724,4.586990792671535,0.35,1.83,400.0,0.8,0
0.0904582932735731,4.540196042830008,0.35,1.83,400.0,0.8,0
0.0886943328299726,4.545648478983001,0.35,1.83,400.0,0.8,0
0.0902549306812794,4.55736373405601,0.35,1.83,400.0,0.8,0
0.0901224246987998,4.545377227606575,0.35,1.83,400.0,0.8,0
0.0896080021027614,4.520920561418246,0.35,1.83,400.0,0.8,0
0.0899139287018894,4.512345459312572,0.35,1.83,400.0,0.8,0
0.0897936436014141,4.5781769068325895,0.35,1.83,400.0,0.8,0
0.0881055577268632,4.553542974054192,0.35,1.83,400.0,0.8,0
0.0879945364596484,4.564676562827143,0.35,1.83,400.0,0.8,0
0.0879627288714291,4.585698982270063,0.35,1.83,400.0,0.8,0
0.088121473005072,4.587993024590908,0.35,1.83,400.0,0.8,0
0.0901119017432139,4.551473200446636,0.35,1.83,400.0,0.8,0
0.0900571215288472,4.571616483898309,0.35,1.83,400.0,0.8,0
0.0905473304034106,4.517443335383919,0.35,1.83,400.0,0.8,0
0.0894794769010335,4.50160991975644,0.35,1.83,400.0,0.8,0
0.0950741715468744,4.509234130409279,0.35,1.83,400.0,0.8,0
0.0949205262812194,4.549348051403385,0.35,1.83,400.0,0.8,0
0.0946236299057457,4.544368177551313,0.35,1.83,400.0,0.8,0
0.0955174446168218,4.572029471651207,0.35,1.83,400.0,0.8,0
0.0947021340935283,4.552064344152262,0.35,1.83,400.0,0.8,0
0.0960193831538723,4.504078358850113,0.35,1.83,400.0,0.8,0
0.0935769851445024,4.500875901191077,0.35,1.83,400.0,0.8,0
0.0951992643019236,4.533965830079039,0.35,1.83,400.0,0.8,0
0.0955486386952276,4.55922814133086,0.35,1.83,400.0,0.8,0
0.0942265877217868,4.581941654736154,0.35,1.83,400.0,0.8,0
0.095513270888014,4.519158494091018,0.35,1.83,400.0,0.8,0
0.0943182505001182,4.523548998020426,0.35,1.83,400.0,0.8,0
0.093698509392677,4.506883337254219,0.35,1.83,400.0,0.8,0
0.0960340568369293,4.535895403719875,0.35,1.83,400.0,0.8,0
0.0943756339151343,4.565073570867738,0.35,1.83,400.0,0.8,0
0.0948846536425607,4.585718998683847,0.35,1.83,400.0,0.8,0
0.0955665789285302,4.540041956412455,0.35,1.83,400.0,0.8,0
0.0943547528672445,4.590768154492433,0.35,1.83,400.0,0.8,0
0.095378955154813,4.587224466000384,0.35,1.83,400.0,0.8,0
0.0935811101784532,4.577158367919078,0.35,1.83,400.0,0.8,0
0.0951368960987757,4.504297167833512,0.35,1.83,400.0,0.8,0
0.0949904484467097,4.5607146365105455,0.35,1.83,400.0,0.8,0
0.0932625825044678,4.537536796184175,0.35,1.83,400.0,0.8,0
0.095701872980391,4.5216409025344095,0.35,1.83,400.0,0.8,0
0.0946013186921977,4.53633641270679,0.35,1.83,400.0,0.8,0
0.099662439216355,4.583949189551555,0.35,1.83,400.0,0.8,0
0.1011005391483221,4.503163841099611,0.35,1.83,400.0,0.8,0
0.1017477610155403,4.580025002430775,0.35,1.83,400.0,0.8,0
0.0996083823556197,4.575794657966094,0.35,1.83,400.0,0.8,0
0.0990759156376417,4.592015473047424,0.35,1.83,400.0,0.8,0
0.1007537112503472,4.55711750155588,0.35,1.83,400.0,0.8,0
0.09902797922298,4.581808339889663,0.35,1.83,400.0,0.8,0
0.098843655551641,4.516187805804115,0.35,1.83,400.0,0.8,0
0.0991857226675275,4.569781794069222,0.35,1.83,400.0,0.8,0
0.0993512697236663,4.5831688227130885,0.35,1.83,400.0,0.8,0
0.10072546416001,4.49572127104947,0.35,1.83,400.0,0.8,0
0.0987729465444137,4.49727079170144,0.35,1.83,400.0,0.8,0
0.1005744325749707,4.572253181085942,0.35,1.83,400.0,0.8,0
0.0994723155039097,4.577045884292308,0.35,1.83,400.0,0.8,0
0.0989283528624873,4.572201385364168,0.35,1.83,400.0,0.8,0
0.1015400433325444,4.569315839910439,0.35,1.83,400.0,0.8,0
0.1008510193939635,4.575903021865539,0.35,1.83,400.0,0.8,0
0.0988771109406688,4.512283211071906,0.35,1.83,400.0,0.8,0
0.0991314280799445,4.542558099019299,0.35,1.83,400.0,0.8,0
0.1009922214270141,4.555106184457641,0.35,1.83,400.0,0.8,0
0.1013100503413134,4.50762629924411,0.35,1.83,400.0,0.8,0
0.100960520317833,4.511409149086891,0.35,1.83,400.0,0.8,0
0.099568933295981,4.563095469728131,0.35,1.83,400.0,0.8,0
0.1016972713967236,4.553259360597707,0.35,1.83,400.0,0.8,0
0.0989201579870014,4.5537358969927535,0.35,1.83,400.0,0.8,0
0.1044158126567716,4.717361237803349,0.35,1.83,400.0,0.8,0
0.106417495857333,4.646259451308918,0.35,1.83,400.0,0.8,0
0.1045639240195037,4.6472999895547,0.35,1.83,400.0,0.8,0
0.1072288425406937,4.674802730912517,0.35,1.83,400.0,0.8,0
0.1066410038470553,4.692587500877445,0.35,1.83,400.0,0.8,0
0.106006000451907,4.643459692133172,0.35,1.83,400.0,0.8,0
0.1071268343627054,4.659080929918139,0.35,1.83,400.0,0.8,0
0.1060228126494537,4.698924261125574,0.35,1.83,400.0,0.8,0
0.106236460467767,4.72300610763622,0.35,1.83,400.0,0.8,0
0.1047340779717913,4.679781940511361,0.35,1.83,400.0,0.8,1
0.1055008641742534,4.676363539614929,0.35,1.83,400.0,0.8,0
0.1046464135806243,4.642356127653944,0.35,1.83,400.0,0.8,0
0.1051229876393749,4.659417127042751,0.35,1.83,400.0,0.8,0
0.1055724706430751,4.69004542137033,0.35,1.83,400.0,0.8,0
0.1061926483542859,4.670127756325225,0.35,1.83,400.0,0.8,0
0.1055151103303172,4.650709519336363,0.35,1.83,400.0,0.8,0
0.1060536797472581,4.660650757798392,0.35,1.83,400.0,0.8,0
0.1043969405048632,4.670786671082354,0.35,1.83,400.0,0.8,0
0.1057111590273016,4.651505953487089,0.35,1.83,400.0,0.8,0
0.1060061348013974,4.685523856709859,0.35,1.83,400.0,0.8,0
0.1063947675453622,4.6937415148867885,0.35,1.83,400.0,0.8,0
0.1062460601715942,4.660568081849072,0.35,1.83,400.0,0.8,0
0.1066510576679889,4.683861105026636,0.35,1.83,400.0,0.8,0
0.1055830155875708,4.691547914760773,0.35,1.83,400.0,0.8,0
0.1053707330053819,4.680220591127343,0.35,1.83,400.0,0.8,0
0.1120389378705766,4.85443028867237,0.35,1.83,400.0,0.8,0
0.1125919923970155,4.81615329251831,0.35,1.83,400.0,0.8,0
0.1113896461493517,4.845777041076383,0.35,1.83,400.0,0.8,0
0.1107721728803626,4.849528236234507,0.35,1.83,400.0,0.8,0
0.1113112457446822,4.777375672433527,0.35,1.83,400.0,0.8,0
0.1100449982463488,4.849989321103946,0.35,1.83,400.0,0.8,0
0.1099955245558506,4.793851143613366,0.35,1.83,400.0,0.8,0
0.1108312109266346,4.783089444519159,0.35,1.83,400.0,0.8,0
0.1107705009145359,4.840059256672508,0.35,1.83,400.0,0.8,0
0.1098728693358102,4.848507342452068,0.35,1.83,400.0,0.8,0
0.1123984648758536,4.8030161573191545,0.35,1.83,400.0,0.8,0
0.1102896595023119,4.825874040794508,0.35,1.83,400.0,0.8,0
0.1101878384727247,4.802281936107825,0.35,1.83,400.0,0.8,0
0.1127041083478329,4.865336447258364,0.35,1.83,400.0,0.8,0
0.1121451354791937,4.796886150992076,0.35,1.83,400.0,0.8,0
0.1118918159526282,4.836330636548401,0.35,1.83,400.0,0.8,0
0.1109923458906209,4.829878863458616,0.35,1.83,400.0,0.8,0
0.109861003740057,4.786695765860224,0.35,1.83,400.0,0.8,0
0.1114040857140317,4.782165130425829,0.35,1.83,400.0,0.8,0
0.1103265414087596,4.849420429055024,0.35,1.83,400.0,0.8,0
0.1127962198131808,4.821386942802844,0.35,1.83,400.0,0.8,0
0.1123460299977751,4.864822166432627,0.35,1.83,400.0,0.8,0
0.1102536084708363,4.810614561325435,0.35,1.83,400.0,0.8,0
0.1110065389526557,4.773794928364619,0.35,1.83,400.0,0.8,0
0.1120948113235142,4.809167902732259,0.35,1.83,400.0,0.8,0
0.1167304107091132,4.780857297381324,0.35,1.83,400.0,0.8,0
0.1158652098632346,4.8565003622156215,0.35,1.83,400.0,0.8,0
0.1154563771734649,4.7890752284943705,0.35,1.83,400.0,0.8,0
0.1161986078974856,4.814809754240159,0.35,1.83,400.0,0.8,0
0.1170817654255864,4.815118997585066,0.35,1.83,400.0,0.8,0
0.1155747759102127,4.790156745405572,0.35,1.83,400.0,0.8,0
0.1178531950608296,4.829548870047845,0.35,1.83,400.0,0.8,0
0.1172698770569448,4.832810325535135,0.35,1.83,400.0,0.8,0
0.1176111389636606,4.771600848172144,0.35,1.83,400.0,0.8,0
0.1164222550613399,4.819742743526168,0.35,1.83,400.0,0.8,0
0.116337799356434,4.850237887328719,0.35,1.83,400.0,0.8,0
0.1167701474323039,4.842652758945937,0.35,1.83,400.0,0.8,0
0.1178784764571855,4.81626914829035,0.35,1.83,400.0,0.8,0
0.1180510866381561,4.824502394053698,0.35,1.83,400.0,0.8,0
0.1178732528030432,4.799849079559152,0.35,1.83,400.0,0.8,0
0.1168188807821365,4.818931104100457,0.35,1.83,400.0,0.8,0
0.1156373690542302,4.805645250670154,0.35,1.83,400.0,0.8,0
0.118074442924197,4.8288732240364745,0.35,1.83,400.0,0.8,0
0.1158549496538529,4.79967556356096,0.35,1.83,400.0,0.8,0
0.1158972389355301,4.768272313179857,0.35,1.83,400.0,0.8,0
0.1181048112820541,4.810610732825687,0.35,1.83,400.0,0.8,0
0.1162450351238044,4.8256377191557736,0.35,1.83,400.0,0.8,0
0.1153443732754211,4.793592210660081,0.35,1.83,400.0,0.8,0
0.1174315303036387,4.829166977306926,0.35,1.83,400.0,0.8,0
0.1182678477491696,4.827825770965804,0.35,1.83,400.0,0.8,0
0.1222896045433577,4.978776589651734,0.35,1.83,400.0,0.8,0
0.1235670705383667,4.974702928005169,0.35,1.83,400.0,0.8,0
0.1237467205931227,4.980833850407151,0.35,1.83,400.0,0.8,0
0.1234574912372603,4.914043740451698,0.35,1.83,400.0,0.8,0
0.1230543274314559,4.94664220328607,0.35,1.83,400.0,0.8,0
0.1225163983297083,4.96804357428157,0.35,1.83,400.0,0.8,0
0.1237665322725912,5.001091141476496,0.35,1.83,400.0,0.8,0
0.1217217716589382,4.976008683077126,0.35,1.83,400.0,0.8,0
0.1231070375362803,4.937282619464638,0.35,1.83,400.0,0.8,0
0.1212286962470672,4.906728029361906,0.35,1.83,400.0,0.8,0
0.123189116305062,4.9516033075150245,0.35,1.83,400.0,0.8,0
0.1238137074309593,4.949130678952699,0.35,1.83,400.0,0.8,0
0.123790837859696,4.94379093355274,0.35,1.83,400.0,0.8,0
0.1232381333741544,4.911115260564517,0.35,1.83,400.0,0.8,0
0.1225234720528878,4.982839312031906,0.35,1.83,400.0,0.8,0
0.1236311919241342,4.984891642395077,0.35,1.83,400.0,0.8,0
0.120967999104078,4.939903567464008,0.35,1.83,400.0,0.8,0
0.1210031823394161,4.91356156244479,0.35,1.83,400.0,0.8,0
0.122883003808477,4.973959152964504,0.35,1.83,400.0,0.8,0
0.1231782489707294,4.9891789881389,0.35,1.83,400.0,0.8,0
0.123075381327904,4.982720492543997,0.35,1.83,400.0,0.8,0
0.1210039780519443,4.926086848377464,0.35,1.83,400.0,0.8,0
0.1227227802426002,4.988445863795816,0.35,1.83,400.0,0.8,0
0.1208705872972935,4.954096267544969,0.35,1.83,400.0,0.8,0
0.1228889491205677,4.905594062246196,0.35,1.83,400.0,0.8,0
0.1276205627839986,5.12903848813837,0.35,1.83,400.0,0.8,0
0.1284313345379061,5.06324083633606,0.35,1.83,400.0,0.8,0
0.1289748395002342,5.074278142340952,0.35,1.83,400.0,0.8,0
0.1289765301247707,5.069369365111891,0.35,1.83,400.0,0.8,0
0.1281874568639879,5.079169006774784,0.35,1.83,400.0,0.8,0
0.1272409712636037,5.128130756217187,0.35,1.83,400.0,0.8,0
0.1269792771571569,5.047956159123577,0.35,1.83,400.0,0.8,0
0.1274422769269755,5.111238914764157,0.35,1.83,400.0,0.8,0
0.1288387909292673,5.139349337006677,0.35,1.83,400.0,0.8,0
0.127305582282372,5.080269195113129,0.35,1.83,400.0,0.8,0
0.1268269599454274,5.096962192962304,0.35,1.83,400.0,0.8,0
0.1294092362231272,5.109563101012066,0.35,1.83,400.0,0.8,0
0.1282021346325786,5.07871190929218,0.35,1.83,400.0,0.8,0
0.1291623923921951,5.089166659613035,0.35,1.83,400.0,0.8,0
0.1268195968512777,5.076012846319913,0.35,1.83,400.0,0.8,0
0.1266179961178818,5.059672903768878,0.35,1.83,400.0,0.8,0
0.1264695024543382,5.084802991650016,0.35,1.83,400.0,0.8,0
0.1283201169061939,5.073804246237891,0.35,1.83,400.0,0.8,0
0.1276776414258543,5.135395927284458,0.35,1.83,400.0,0.8,0
0.1286723854760632,5.093560663694495,0.35,1.83,400.0,0.8,0
0.127270118736674,5.1291746798773,0.35,1.83,400.0,0.8,0
0.1271217874619805,5.072009273051668,0.35,1.83,400.0,0.8,0
0.1291436905546073,5.092429205528507,0.35,1.83,400.0,0.8,0
0.1286434499595924,5.098549479416377,0.35,1.83,400.0,0.8,0
0.1283768137383669,5.069413329151483,0.35,1.83,400.0,0.8,0
0.1326570794641285,5.208565901383533,0.35,1.83,400.0,0.8,0
0.1323992879714987,5.263748103195748,0.35,1.83,400.0,0.8,1
0.1327827040789988,5.232465606108105,0.35,1.83,400.0,0.8,1
0.1343088865546726,5.254699077604238,0.35,1.83,400.0,0.8,1
0.133248122055001,5.223942397525339,0.35,1.83,400.0,0.8,0
0.1349170685260535,5.243776414364569,0.35,1.83,400.0,0.8,0
0.1343768786086021,5.2665720635885895,0.35,1.83,400.0,0.8,1
0.1342957327879365,5.194834601162024,0.35,1.83,400.0,0.8,0
0.1336194754804612,5.186506082398121,0.35,1.83,400.0,0.8,0
0.1338917296589405,5.271851609485448,0.35,1.83,400.0,0.8,1
0.1334711594721488,5.219613915953444,0.35,1.83,400.0,0.8,0
0.132040491533503,5.272294118899588,0.35,1.83,400.0,0.8,1
0.1322419713316389,5.180424575997151,0.35,1.83,400.0,0.8,0
0.1326711631137633,5.182869710058505,0.35,1.83,400.0,0.8,0
0.1332983168064838,5.227925446792378,0.35,1.83,400.0,0.8,0
0.1328706731263342,5.181412714924155,0.35,1.83,400.0,0.8,0
0.1322677643839961,5.214767104465659,0.35,1.83,400.0,0.8,0
0.1321145486317281,5.246135639227658,0.35,1.83,400.0,0.8,1
0.1325540249038229,5.20652382354503,0.35,1.83,400.0,0.8,0
0.1331153406107827,5.217977629973581,0.35,1.83,400.0,0.8,0
0.1319379454022729,5.187523703766536,0.35,1.83,400.0,0.8,0
0.1345212569704711,5.176439972917858,0.35,1.83,400.0,0.8,0
0.1334574653466871,5.225266867317387,0.35,1.83,400.0,0.8,0
0.1329322457622804,5.219449368681311,0.35,1.83,400.0,0.8,0
0.1342747066918282,5.260437037288162,0.35,1.83,400.0,0.8,1
0.1382316903612373,5.345409044096773,0.35,1.83,400.0,0.8,1
0.1381780932900765,5.361146340055107,0.35,1.83,400.0,0.8,1
0.139500419803968,5.335985287546342,0.35,1.83,400.0,0.8,1
0.1384428519571561,5.406198461758915,0.35,1.83,400.0,0.8,1
0.1375963526005324,5.359236960523957,0.35,1.83,400.0,0.8,1
0.1395853188557819,5.328205401155748,0.35,1.83,400.0,0.8,1
0.137592766791008,5.326980537163854,0.35,1.83,400.0,0.8,1
0.1402071143115836,5.314085978182113,0.35,1.83,400.0,0.8,1
0.1380156106554256,5.316288351290165,0.35,1.83,400.0,0.8,1
0.1377825331336781,5.375174928662831,0.35,1.83,400.0,0.8,1
0.1381755614572088,5.370081205043069,0.35,1.83,400.0,0.8,1
0.1392212308792899,5.398103533308978,0.35,1.83,400.0,0.8,1
0.1374648689097271,5.398496945934237,0.35,1.83,400.0,0.8,1
0.1393080019902725,5.329434348610496,0.35,1.83,400.0,0.8,1
0.1397694568953974,5.398709154179059,0.35,1.83,400.0,0.8,1
0.138213435182254,5.405039368090269,0.35,1.83,400.0,0.8,1
0.1388140170218875,5.373502445433333,0.35,1.83,400.0,0.8,1
0.1404045933318445,5.3493136078639205,0.35,1.83,400.0,0.8,1
0.1398901227684519,5.344999911782846,0.35,1.83,400.0,0.8,1
0.139848285297716,5.373233391886265,0.35,1.83,400.0,0.8,1
0.1380997118166677,5.354562609378924,0.35,1.83,400.0,0.8,1
0.1384035516340822,5.320970839308037,0.35,1.83,400.0,0.8,1
0.1375401490412906,5.347807865540719,0.35,1.83,400.0,0.8,1
0.137507747174444,5.329708775758178,0.35,1.83,400.0,0.8,1
0.1396261946935441,5.38396912356836,0.35,1.83,400.0,0.8,1
0.1451910069938612,5.344875317112998,0.35,1.83,400.0,0.8,1
0.1456453242058422,5.372543054802845,0.35,1.83,400.0,0.8,1
0.1433533448597289,5.327531866145554,0.35,1.83,400.0,0.8,1
0.1450545521152782,5.330454393644208,0.35,1.83,400.0,0.8,1
0.1444971439392352,5.412337447592872,0.35,1.83,400.0,0.8,1
0.1429872886486891,5.314817980189757,0.35,1.83,400.0,0.8,1
0.1459545195802806,5.371623883413418,0.35,1.83,400.0,0.8,1
0.1433559957610446,5.40289021997541,0.35,1.83,400.0,0.8,1
0.1456164067348722,5.366780041311138,0.35,1.83,400.0,0.8,1
0.1448406419240713,5.340478719150088,0.35,1.83,400.0,0.8,1
0.1431268249236051,5.372616760889087,0.35,1.83,400.0,0.8,1
0.1438595314140974,5.379522104666036,0.35,1.83,400.0,0.8,1
0.1454840013650169,5.314976054391437,0.35,1.83,400.0,0.8,0
0.1447624071585463,5.336288053968686,0.35,1.83,400.0,0.8,1
0.1455969313282005,5.338526450656183,0.35,1.83,400.0,0.8,1
0.1448075762341953,5.368514084008962,0.35,1.83,400.0,0.8,1
0.1441637653346668,5.38092207635998,0.35,1.83,400.0,0.8,1
0.1451525747386354,5.369853779531939,0.35,1.83,400.0,0.8,1
0.1452505325460433,5.411501707599294,0.35,1.83,400.0,0.8,1
0.1442330829981915,5.364618305188554,0.35,1.83,400.0,0.8,1
0.1430126754683127,5.392762855631038,0.35,1.83,400.0,0.8,1
0.144535956035627,5.353956143036057,0.35,1.83,400.0,0.8,1
0.1432574817237573,5.40212564216754,0.35,1.83,400.0,0.8,1
0.1441602875546107,5.381418159820923,0.35,1.83,400.0,0.8,1
0.1434233883035935,5.409314962954104,0.35,1.83,400.0,0.8,1
0.1490593291260799,5.469954199289949,0.35,1.83,400.0,0.8,1
0.1511009524222876,5.541258274414193,0.35,1.83,400.0,0.8,0
0.1491604460631843,5.496980088817483,0.35,1.83,400.0,0.8,0
0.1507244885543029,5.53783657338108,0.35,1.83,400.0,0.8,0
0.1496611619257264,5.501701948684943,0.35,1.83,400.0,0.8,0
0.1507491530721736,5.523113597665279,0.35,1.83,400.0,0.8,0
0.1508728842306927,5.506993381864152,0.35,1.83,400.0,0.8,0
0.1488378491310288,5.540397329087804,0.35,1.83,400.0,0.8,0
0.1511207214585775,5.529809743581834,0.35,1.83,400.0,0.8,0
0.1488235912720966,5.470439736708143,0.35,1.83,400.0,0.8,1
0.1507548049359374,5.4523140094581946,0.35,1.83,400.0,0.8,1
0.1514616777417363,5.487714468035568,0.35,1.83,400.0,0.8,0
0.1506819414416869,5.538757108848804,0.35,1.83,400.0,0.8,0
0.1497078935050647,5.481913248859967,0.35,1.83,400.0,0.8,0
0.1503502272273092,5.508098937374805,0.35,1.83,400.0,0.8,0
0.1497514237734888,5.5101774755867705,0.35,1.83,400.0,0.8,0
0.1513301479493139,5.496764025662659,0.35,1.83,400.0,0.8,0
0.1491142303828663,5.4877205982883,0.35,1.83,400.0,0.8,0
0.1497063247883938,5.463110869302622,0.35,1.83,400.0,0.8,1
0.1490126183422781,5.518456207339368,0.35,1.83,400.0,0.8,0
0.1495424371032412,5.5454898391855805,0.35,1.83,400.0,0.8,0
0.1492547940766903,5.459892450510482,0.35,1.83,400.0,0.8,1
0.1507845175296152,5.538103605191787,0.35,1.83,400.0,0.8,0
0.1493583439112289,5.470208810164547,0.35,1.83,400.0,0.8,1
0.1490813022452277,5.502201230136651,0.35,1.83,400.0,0.8,0
